id,topics,lang,suggest,keywords_en,keywords_es,blurb_en,blurb_es
wikipedia_es_medicine_maxi_2026-07,medicine,es,yes,illness|disease|symptom|medication|anatomy|diagnosis|treatment|infection|vaccine|symptoms|fever|cough|headache|pain|wound|medicine|drug|dose|dosage|side effect|antibiotic|allergy|asthma|diabetes|blood pressure|hypertension|heart disease|stroke|cancer|tuberculosis|malaria|dengue|cholera|typhoid|hepatitis|hiv|pneumonia|diarrhea|vomiting|dehydration|anemia|malnutrition|pregnancy|child health|skin rash|kidney|liver|stomach ache|ulcer|arthritis|epilepsy|thyroid|physiology|surgery|blood test|parasite|worms,enfermedad|sintoma|medicamento|anatomia|diagnostico|tratamiento|infeccion|vacuna|dolor|fiebre|convulsion|sintomas|tos|dolor de cabeza|herida|medicina|farmaco|dosis|efecto secundario|antibiotico|alergia|asma|diabetes|presion arterial|hipertension|enfermedad del corazon|derrame cerebral|cancer|tuberculosis|malaria|paludismo|dengue|colera|tifoidea|hepatitis|vih|neumonia|diarrea|vomito|deshidratacion|anemia|desnutricion|embarazo|salud infantil|sarpullido|rinon|higado|dolor de estomago|ulcera|artritis|epilepsia|tiroides|fisiologia|cirugia|examen de sangre|parasito|lombrices|historia de la medicina|farmacologia|virus|bacteria|sistema inmune|trastorno genetico|trastorno mental|nutricion|vitamina|chagas|leishmaniasis|zika|chikungunya|fiebre amarilla,Wikipedia's medicine articles in Spanish.,Los artículos de medicina de Wikipedia en español.
zimgit-medicine_en_2024-08,medicine|first-aid,en,yes,first aid|wound|bleeding|burn|fracture|infection|fever|medicine|treatment|emergency|stop bleeding|tourniquet|wound care|broken bone|splint|sprain|cpr|choking|unconscious|shock|head injury|drowning|electric shock|poisoning|snake bite|dog bite|insect sting|heat stroke|hypothermia|frostbite|allergic reaction|seizure|chest pain|difficulty breathing|bandage|stitches|eye injury|nosebleed|diarrhea|dehydration|oral rehydration|antibiotic|pain relief|medical kit|wilderness medicine|remote medicine|home remedy|herbal medicine|child fever|wound infection|antiseptic|sterilize|medical supplies,primeros auxilios|herida|sangrado|quemadura|fractura|infeccion|fiebre|medicina|tratamiento|emergencia|hemorragia|detener sangrado|torniquete|curar herida|hueso roto|ferula|esguince|rcp|reanimacion|atragantamiento|inconsciente|choque|golpe en la cabeza|ahogamiento|descarga electrica|envenenamiento|intoxicacion|mordedura de serpiente|mordedura de perro|picadura|golpe de calor|hipotermia|congelacion|reaccion alergica|convulsion|dolor de pecho|dificultad para respirar|vendaje|puntos|lesion en el ojo|sangrado de nariz|diarrea|deshidratacion|suero oral|antibiotico|alivio del dolor|botiquin|medicina en zonas remotas|remedio casero|plantas medicinales|fiebre en ninos|herida infectada|antiseptico|esterilizar|suministros medicos,"Practical medicine, a small curated collection.","Medicina práctica, una pequeña colección seleccionada (en inglés)."
zimgit-post-disaster_en_2024-05,first-aid|water|engineering,en,yes,disaster|earthquake|flood|hurricane|shelter|emergency response|evacuation|rubble|post disaster|after a disaster|disaster response|after an earthquake|aftershock|collapsed building|search and rescue|after a flood|cyclone|tsunami|landslide|wildfire|emergency shelter|temporary shelter|tarp shelter|displaced people|refugee camp|emergency water|water distribution|emergency sanitation|latrines in camps|emergency food|food distribution|first aid in disaster|mass casualty|triage|dead bodies|disease outbreak after disaster|electricity restoration|gas leak|damaged house|structural safety|debris removal|psychological first aid|family reunification|emergency communication|humanitarian aid|sphere standards|recovery|rebuilding|water trucking|cash assistance|needs assessment|camp management,desastre|terremoto|sismo|inundacion|huracan|refugio|respuesta a emergencias|evacuacion|escombros|despues de un desastre|posdesastre|respuesta a desastres|despues de un terremoto|replica|edificio colapsado|busqueda y rescate|despues de una inundacion|ciclon|tsunami|deslizamiento|derrumbe|incendio forestal|refugio de emergencia|albergue temporal|refugio con lona|desplazados|campamento de refugiados|agua de emergencia|distribucion de agua|saneamiento de emergencia|letrinas en campamentos|alimentos de emergencia|distribucion de alimentos|primeros auxilios en desastres|victimas masivas|triaje|cadaveres|brote despues de desastre|restablecer electricidad|fuga de gas|casa danada|seguridad estructural|remocion de escombros|primeros auxilios psicologicos|reunificacion familiar|comunicacion de emergencia|ayuda humanitaria|normas esfera|recuperacion|reconstruccion,"Post-disaster response: shelter, water, safety after earthquakes, floods and storms.","Respuesta posdesastre: refugio, agua y seguridad tras sismos, inundaciones y tormentas (en inglés)."
zimgit-water_en_2024-08,water,en,yes,safe water|drinking water|water treatment|disinfect water|chlorine|boil water|water filter|sanitation|latrine|clean water|purify water|water purification|bleach in water|how much bleach|chlorine dose|boiling water|sand filter|ceramic filter|solar disinfection|sodis|cloudy water|turbid water|water storage|water container|well|protect a well|spring protection|hand pump|rainwater|pit latrine|toilet|handwashing|soap|hygiene|sewage|wastewater|waterborne disease|diarrhea|cholera|typhoid|e coli|contaminated water|flood water|water after disaster|water testing|arsenic|fluoride|water point|community water|household water treatment|water quality|jerrycan|water safety plan|flocculation|sedimentation|settling water|alum,agua potable|agua segura|tratamiento de agua|desinfectar agua|cloro|hervir agua|filtro de agua|saneamiento|letrina|agua limpia|purificar agua|potabilizar agua|cloro en el agua|cuanto cloro|lejia en el agua|filtro de arena|filtro de ceramica|desinfeccion solar|sodis|agua turbia|almacenar agua|recipiente para agua|pozo|proteger un pozo|proteccion de manantiales|bomba manual|agua de lluvia|letrina de hoyo|bano|lavado de manos|jabon|higiene|aguas negras|aguas residuales|enfermedades del agua|diarrea|colera|tifoidea|agua contaminada|agua de inundacion|agua despues de un desastre|analisis de agua|arsenico|fluor|punto de agua|agua comunitaria|tratamiento domestico del agua|calidad del agua|bidon|plan de seguridad del agua|floculacion|sedimentacion|dejar reposar el agua|alumbre|pastillas potabilizadoras|tabletas de cloro,"Water treatment and sanitation, a small curated collection.","Tratamiento de agua y saneamiento, una pequeña colección seleccionada (en inglés)."
arduino.stackexchange.com_en_all_2026-07,electronics|computing,en,yes,arduino|microcontroller|sketch|sensor|servo|pwm|i2c|breadboard|shield|serial monitor|arduino uno|arduino nano|arduino mega|esp32|esp8266|atmega328|ide|bootloader|upload sketch|baud rate|digitalwrite|analogread|analog pin|digital pin|interrupt|timer|spi|uart|stepper|dc motor|motor driver|h bridge|relay module|temperature sensor|humidity sensor|dht22|ultrasonic sensor|lcd display|oled|led strip|neopixel|potentiometer|button debounce|jumper wire|library|eeprom|sd card module|gps module|bluetooth module|rfid|data logger|soil moisture sensor|voltage divider|pull up resistor|joystick|keypad|real time clock|rtc|buzzer|piezo|accelerometer|load cell|hx711|wifi shield|ethernet shield|mosfet switching|battery powered arduino|sleep mode|power consumption,arduino|microcontrolador|sensor|servomotor|protoboard|placa|placa arduino|programar arduino|cargar programa|monitor serie|pin analogico|pin digital|pwm|interrupcion|temporizador|motor paso a paso|motor dc|controlador de motor|puente h|modulo rele|sensor de temperatura|sensor de humedad|sensor ultrasonico|pantalla lcd|tira led|potenciometro|boton|cable puente|libreria|memoria eeprom|modulo gps|modulo bluetooth|registrador de datos|sensor de humedad del suelo|divisor de voltaje|resistencia pull up|riego automatico|domotica casera|proyecto electronico|joystick|teclado matricial|reloj de tiempo real|zumbador|acelerometro|celda de carga|bajo consumo|modo de suspension|alimentar con bateria|wifi|ethernet|esp8266|atmega|ide de arduino|codigo arduino,"Arduino questions and answers: microcontrollers, sensors, wiring and code.","Preguntas y respuestas sobre Arduino: microcontroladores, sensores, conexiones y código."
astronomy.stackexchange.com_en_all_2026-07,science,en,yes,astronomy|star|planet|telescope|moon|orbit|eclipse|constellation|galaxy|comet|meteor|astrophysics|exoplanet|binoculars|lunar phase|full moon|new moon|tide|solar eclipse|lunar eclipse|north star|polaris|southern cross|celestial navigation|night sky|milky way|nebula|black hole|supernova|meteor shower|asteroid|sun|sunspot|solar flare|equinox|solstice|season|day length|sunrise|sunset|light year|redshift|big bang|universe|satellite|iss|mars|jupiter|saturn|venus|zodiac|star chart|magnitude,astronomia|estrella|planeta|telescopio|luna|orbita|eclipse|constelacion|galaxia|cometa|astrofisica|exoplaneta|binoculares|fase lunar|luna llena|luna nueva|marea|eclipse solar|eclipse lunar|estrella polar|cruz del sur|navegacion por las estrellas|cielo nocturno|via lactea|nebulosa|agujero negro|supernova|meteoro|lluvia de estrellas|asteroide|sol|mancha solar|equinoccio|solsticio|estacion del ano|duracion del dia|amanecer|atardecer|ano luz|universo|satelite|marte|jupiter|saturno|venus|mapa estelar|fases de la luna|calendario lunar|orientacion nocturna|planetas visibles,"Astronomy questions and answers: stars, planets, the Moon, telescopes.","Preguntas y respuestas de astronomía: estrellas, planetas, la Luna, telescopios."
biology.stackexchange.com_en_all_2026-07,science,en,yes,biology|cell|gene|dna|evolution|organism|bacteria|protein|enzyme|species|photosynthesis|cell membrane|mitochondria|nucleus|genetics|rna|chromosome|mutation|heredity|natural selection|virus|fungus|protist|metabolism|respiration|ecology|ecosystem|food chain|predator|parasite|symbiosis|plant biology|botany|zoology|insect|animal behavior|anatomy|physiology|immune system|antibody|hormone|neuron|brain|reproduction|embryo|microbiology|microscope|taxonomy|biodiversity|pollination|seed germination|life cycle,biologia|celula|gen|adn|evolucion|organismo|bacteria|proteina|enzima|especie|fotosintesis|membrana celular|mitocondria|nucleo|genetica|arn|cromosoma|mutacion|herencia|seleccion natural|virus|hongo|protista|metabolismo|respiracion celular|ecologia|ecosistema|cadena alimenticia|depredador|parasito|simbiosis|botanica|zoologia|insecto|comportamiento animal|anatomia|fisiologia|sistema inmune|anticuerpo|hormona|neurona|cerebro|reproduccion|embrion|microbiologia|microscopio|taxonomia|biodiversidad|polinizacion|germinacion|ciclo de vida,"Biology questions and answers: cells, genetics, evolution, organisms.","Preguntas y respuestas de biología: células, genética, evolución, organismos."
chemistry.stackexchange.com_en_all_2026-07,science,en,yes,chemistry|chemical reaction|acid|alkali|compound|molecule|oxidation|ph|solvent|concentration|titration|chemical equation|balance equation|stoichiometry|mole|molar mass|molarity|dilution|solution|solubility|base|ph scale|neutralization|buffer|salt|reduction|redox|electrochemistry|electrolysis|corrosion|combustion|catalyst|reaction rate|equilibrium|organic chemistry|hydrocarbon|polymer|alcohol|ester|soap making|saponification|lye|bleach|hydrogen peroxide|periodic table|element|atom|ion|bond|crystal|distillation|chemical safety|toxic gas,quimica|reaccion quimica|acido|alcali|compuesto|molecula|oxidacion|disolvente|concentracion|ecuacion quimica|balancear ecuacion|estequiometria|mol|masa molar|molaridad|dilucion|disolucion|solubilidad|base|escala de ph|neutralizacion|titulacion|sal|reduccion|electroquimica|electrolisis|corrosion|oxido|combustion|catalizador|velocidad de reaccion|equilibrio quimico|quimica organica|hidrocarburo|polimero|alcohol|hacer jabon|saponificacion|soda caustica|lejia|agua oxigenada|tabla periodica|elemento|atomo|ion|enlace quimico|cristal|destilacion|seguridad quimica|gas toxico,"Chemistry questions and answers: reactions, acids and bases, compounds.","Preguntas y respuestas de química: reacciones, ácidos y bases, compuestos."
dsp.stackexchange.com_en_all_2026-08,electronics|math,en,yes,signal processing|digital filter|fourier|fft|sampling rate|frequency response|convolution|audio signal|digital signal processing|dsp|filter design|low pass filter|high pass filter|band pass filter|fir filter|iir filter|fourier transform|dft|spectrum|spectrogram|frequency domain|time domain|sampling|nyquist|aliasing|quantization|correlation|impulse response|transfer function|z transform|laplace|window function|noise reduction|signal to noise ratio|audio processing|equalizer|modulation|demodulation|am|fm|sdr|software defined radio|decimation|interpolation|resampling|wavelet|matlab|python scipy|image processing|echo cancellation|phase|amplitude|decibel,procesamiento de senales|filtro digital|fourier|muestreo|respuesta en frecuencia|convolucion|procesamiento digital de senales|diseno de filtros|filtro pasa bajos|filtro pasa altos|filtro pasa banda|filtro fir|filtro iir|transformada de fourier|fft|espectro|espectrograma|dominio de la frecuencia|dominio del tiempo|frecuencia de muestreo|nyquist|aliasing|cuantizacion|correlacion|respuesta al impulso|funcion de transferencia|transformada z|ventana|reduccion de ruido|relacion senal ruido|procesamiento de audio|ecualizador|modulacion|demodulacion|radio definida por software|remuestreo|ondicula|procesamiento de imagenes|fase|amplitud|decibelio|senal digital|senal analoga|conversion analogico digital|ruido blanco|filtrado de audio|frecuencia de corte|ganancia|osciloscopio digital|analizador de espectro,"Signal processing questions and answers: filters, Fourier, sampling.","Preguntas y respuestas de procesamiento de señales: filtros, Fourier, muestreo."
earthscience.stackexchange.com_en_all_2026-07,science|geography,en,yes,earthquake|volcano|weather|climate|geology|rock|mineral|hurricane|tsunami|groundwater|erosion|earth science|seismic|magnitude|richter|aftershock|fault line|plate tectonics|eruption|lava|ash fall|landslide|mudslide|meteorology|weather forecast|barometer|air pressure|humidity|rain|rainfall|storm|thunderstorm|lightning|tornado|cyclone|typhoon|flood|drought|climate change|el nino|la nina|season|monsoon|wind|cloud types|fog|frost|snow|hail|aquifer|water table|river|soil|cave,terremoto|sismo|volcan|tiempo atmosferico|clima|geologia|roca|mineral|huracan|tsunami|acuifero|erosion|ciencias de la tierra|temblor|sismico|magnitud|replica|falla geologica|placas tectonicas|erupcion|lava|ceniza volcanica|deslizamiento de tierra|alud|derrumbe|meteorologia|pronostico del tiempo|barometro|presion atmosferica|humedad|lluvia|tormenta|tormenta electrica|rayo|tornado|ciclon|inundacion|sequia|cambio climatico|fenomeno del nino|la nina|estacion lluviosa|monzon|viento|nubes|niebla|helada|nieve|granizo|aguas subterraneas|nivel freatico|rio|suelo|cueva,"Earth science questions and answers: earthquakes, weather, climate, geology.","Preguntas y respuestas de ciencias de la Tierra: sismos, tiempo, clima, geología."
electronics.stackexchange.com_en_all_2026-08,electronics|energy|repair,en,yes,circuit|resistor|capacitor|transistor|voltage|current|battery|power supply|solder|inverter|multimeter|led|transformer|diode|battery bank|electronics|schematic|inductor|mosfet|zener|ohms law|watt|ac|dc|lithium battery|lead acid battery|battery charger|charge controller|voltage regulator|buck converter|boost converter|rectifier|fuse|circuit breaker|short circuit|ground|wiring|wire gauge|soldering iron|oscilloscope|op amp|amplifier|pcb|relay|motor|generator|solar panel wiring|12v|24v|electric shock|insulation|continuity test,circuito|resistencia|condensador|capacitor|transistor|voltaje|corriente|bateria|fuente de alimentacion|soldar|inversor|multimetro|transformador|diodo|electronica|esquema|inductor|bobina|mosfet|zener|led|tension|ley de ohm|potencia|vatio|corriente alterna|corriente continua|bateria de litio|bateria de plomo|cargador de bateria|controlador de carga|regulador de voltaje|convertidor|rectificador|fusible|disyuntor|cortocircuito|tierra|cableado|calibre de cable|cautin|osciloscopio|amplificador operacional|amplificador|circuito impreso|rele|motor electrico|generador|12v|24v|banco de baterias|descarga electrica|aislamiento|prueba de continuidad,"Electronics questions and answers: circuits, components, power supplies, batteries.","Preguntas y respuestas de electrónica: circuitos, componentes, fuentes de alimentación, baterías."
engineering.stackexchange.com_en_all_2026-08,engineering,en,yes,engineering|structure|beam|load|stress|pump|gear|bridge|concrete|welding|hydraulic|foundation|civil engineering|mechanical engineering|structural engineering|column|truss|strain|bending|shear|deflection|tension|compression|reinforced concrete|rebar|steel|timber|retaining wall|dam|pipe flow|pressure drop|pneumatic|valve|bearing|shaft|torque|lever|pulley|bolt|fastener|material strength|fatigue|thermal expansion|heat transfer|insulation|ventilation|hvac|cad|tolerance|safety factor|building design|earthquake resistant,ingenieria|estructura|viga|carga|esfuerzo|bomba|engranaje|puente|concreto|hormigon|soldadura|hidraulica|cimiento|ingenieria civil|ingenieria mecanica|ingenieria estructural|columna|cercha|deformacion|flexion|cortante|tension|compresion|hormigon armado|varilla|acero|madera estructural|cimentacion|muro de contencion|represa|flujo en tuberias|perdida de presion|neumatica|valvula|rodamiento|eje|torque|par motor|palanca|polea|perno|tornillo|resistencia de materiales|fatiga|dilatacion termica|transferencia de calor|aislamiento termico|ventilacion|tolerancia|factor de seguridad|diseno de edificios|construccion sismorresistente,"Engineering questions and answers: structures, materials, machines.","Preguntas y respuestas de ingeniería: estructuras, materiales, máquinas."
iot.stackexchange.com_en_all_2026-08,computing|electronics,en,yes,internet of things|iot|mqtt|esp32|esp8266|home automation|zigbee|smart home|z wave|lora|lorawan|wifi module|bluetooth low energy|ble|sensor network|gateway|home assistant|node red|smart plug|smart switch|smart thermostat|security camera|remote monitoring|telemetry|firmware update|ota|edge computing|low power|battery powered sensor|raspberry pi|arduino|alexa|google home|device pairing|coap|dashboard|automation rule|weather station|water level sensor|energy monitor|smart meter|gps tracker|nb iot|lte m|cellular modem|sim800|thingspeak|influxdb|grafana|sensor calibration|deep sleep|solar powered sensor|asset tracking,internet de las cosas|mqtt|esp32|domotica|casa inteligente|automatizacion del hogar|zigbee|lora|modulo wifi|bluetooth de baja energia|red de sensores|pasarela|home assistant|enchufe inteligente|interruptor inteligente|termostato inteligente|camara de seguridad|monitoreo remoto|telemetria|actualizacion de firmware|nube|bajo consumo|sensor con bateria|raspberry pi|arduino|emparejar dispositivo|protocolo|panel de control|alerta|regla de automatizacion|estacion meteorologica|sensor de nivel de agua|monitor de energia|medidor inteligente|rastreador gps|privacidad|seguridad|lorawan|modem celular|tarjeta sim|calibracion de sensores|sensor solar|sensor de temperatura|sensor de humedad|monitoreo de cultivos|monitoreo de tanques|apertura remota|riego inteligente|alarma|notificacion|nodo red|automatizacion,Internet of Things questions and answers: connected sensors and home automation.,Preguntas y respuestas sobre Internet de las cosas: sensores conectados y domótica.
mechanics.stackexchange.com_en_all_2026-08,repair|engineering,en,yes,car|engine|vehicle|brake|motor oil|transmission|tire|tyre|motorcycle|fuel|spark plug|alternator|radiator|clutch|truck|automobile|motor|engine oil|oil change|brake pads|brake fluid|gearbox|flat tire|tire pressure|wheel|suspension|shock absorber|steering|battery|car battery|jump start|starter motor|ignition|gasoline|diesel|fuel pump|fuel filter|carburetor|fuel injector|coolant|overheating|thermostat|timing belt|serpentine belt|exhaust|muffler|check engine light|obd|warning light|headlight|fuse box|scooter|maintenance schedule|strange noise,carro|coche|auto|motor|vehiculo|freno|aceite de motor|transmision|llanta|neumatico|moto|motocicleta|combustible|bujia|alternador|radiador|embrague|camion|automovil|cambio de aceite|pastillas de freno|liquido de frenos|caja de cambios|llanta pinchada|presion de llantas|rueda|suspension|amortiguador|direccion|bateria del carro|pasar corriente|motor de arranque|encendido|gasolina|diesel|bomba de combustible|filtro de combustible|carburador|inyector|refrigerante|recalentamiento|termostato|correa de distribucion|correa|escape|silenciador|luz de motor|testigo|faro|caja de fusibles|mantenimiento|ruido extrano,"Motor vehicle questions and answers: cars, motorcycles, engines, repairs.","Preguntas y respuestas de mecánica automotriz: carros, motos, motores, reparaciones."
networkengineering.stackexchange.com_en_all_2026-08,computing,en,yes,network|router|ip address|vlan|ethernet|subnet|routing|network cable|dns|networking|access point|wifi|wireless|lan|wan|ipv4|ipv6|subnet mask|cidr|gateway|dhcp|nat|port forwarding|firewall|static route|ospf|bgp|tcp|udp|osi model|mac address|arp|cable|cat6|fiber optic|patch panel|poe|bandwidth|latency|packet loss|traceroute|ping|mesh network|point to point link|antenna|cisco|vpn|qos|spanning tree|network topology|troubleshooting|mikrotik|ubiquiti,red|enrutador|router|direccion ip|ethernet|subred|cable de red|dns|redes|conmutador|punto de acceso|wifi|inalambrico|red local|vlan|ipv4|ipv6|mascara de subred|puerta de enlace|dhcp|nat|redireccion de puertos|cortafuegos|enrutamiento|ruta estatica|tcp|udp|modelo osi|direccion mac|fibra optica|ancho de banda|latencia|perdida de paquetes|ping|red mallada|enlace punto a punto|antena|vpn|calidad de servicio|topologia de red|solucion de problemas de red|configurar router|conmutador de red|servidor dhcp|cable utp|conector rj45|wifi lento|internet comunitario|red rural|enlace inalambrico,"Network engineering questions and answers: routers, switches, IP networks.","Preguntas y respuestas de redes: enrutadores, switches, redes IP."
openstax-02,science|education|medicine,en,yes,biology|chemistry|physics|anatomy|physiology|microbiology|astronomy|organic chemistry|textbook|concepts of biology|anatomy and physiology|human body|organ system|skeleton|muscle|heart|lungs|digestion|kidney|nervous system|general chemistry|atoms first|college physics|university physics|mechanics|thermodynamics|electricity and magnetism|optics|waves|chapter|worked example|practice problem|exercise|review questions|key terms|lab|experiment|scientific method|cell biology|genetics|ecology|bacteria|immunology|infection|microbe|chemical bonding|stoichiometry|kinematics|energy|momentum,biologia|quimica|fisica|anatomia|fisiologia|microbiologia|astronomia|libro de texto|anatomia y fisiologia|cuerpo humano|sistema de organos|esqueleto|musculo|corazon|pulmones|digestion|rinon|sistema nervioso|quimica general|quimica organica|fisica universitaria|mecanica|termodinamica|electricidad y magnetismo|optica|ondas|capitulo|ejemplo resuelto|problema de practica|ejercicio|preguntas de repaso|laboratorio|experimento|metodo cientifico|biologia celular|genetica|ecologia|bacteria|inmunologia|infeccion|microbio|enlace quimico|estequiometria|cinematica|energia|cantidad de movimiento|ejercicios de fisica|problemas de quimica|sistema circulatorio|sistema respiratorio,"OpenStax science textbooks (PDF): biology, chemistry, physics, anatomy and physiology, microbiology.","Libros de texto de ciencias de OpenStax (PDF): biología, química, física, anatomía, microbiología."
physics.stackexchange.com_en_all_2026-08,science,en,yes,physics|force|energy|gravity|pressure|heat|light|magnet|wave|temperature|momentum|friction|thermodynamics|mechanics|newton|mass|weight|acceleration|velocity|speed|kinetic energy|potential energy|buoyancy|fluid|entropy|optics|lens|mirror|refraction|sound|frequency|resonance|electricity|magnetism|electromagnetic|induction|circuit|charge|quantum|relativity|nuclear|radiation|half life|atom|particle|projectile|pendulum|spring|torque|rotation,fisica|fuerza|energia|gravedad|presion|calor|luz|iman|onda|temperatura|friccion|termodinamica|mecanica|newton|masa|peso|aceleracion|velocidad|rapidez|cantidad de movimiento|energia cinetica|energia potencial|trabajo|potencia|rozamiento|flotacion|fluido|entropia|optica|lente|espejo|refraccion|sonido|frecuencia|resonancia|electricidad|magnetismo|electromagnetismo|induccion|carga electrica|cuantica|relatividad|nuclear|radiacion|vida media|atomo|particula|proyectil|pendulo|resorte|rotacion,"Physics questions and answers: forces, energy, heat, light, electricity.","Preguntas y respuestas de física: fuerzas, energía, calor, luz, electricidad."
raspberrypi.stackexchange.com_en_all_2026-08,computing|electronics,en,yes,raspberry pi|gpio|raspbian|raspberry pi os|sd card|single board computer|raspberry pi 5|raspberry pi 4|pi zero|gpio pins|microsd|boot|headless setup|ssh|vnc|wifi setup|config txt|camera module|hat|sensor|i2c|spi|python gpio|power supply|undervoltage|overheating|cooling fan|usb boot|ssd|media center|kodi|retropie|pihole|home server|nas|samba|docker|kiosk|touchscreen|display|hdmi|audio output|bluetooth|serial console|uart|real time clock|cron job|systemd service|backup image|pi camera|motion detection|weather station|retro gaming|emulation station|python script|pip install|apt update|static ip|remote access|gpio interrupt,raspberry pi|gpio|tarjeta sd|computadora de placa|pi zero|raspberry pi os|pines gpio|microsd|arranque|configuracion sin pantalla|ssh|vnc|configurar wifi|modulo de camara|sensor|python gpio|fuente de alimentacion|bajo voltaje|sobrecalentamiento|ventilador|carcasa|arranque usb|ssd|centro multimedia|servidor casero|nas|docker|pantalla tactil|pantalla|hdmi|salida de audio|bluetooth|consola serie|reloj de tiempo real|tarea programada|servicio systemd|copia de seguridad|computadora de placa unica|camara de raspberry|deteccion de movimiento|estacion meteorologica|juegos retro|script de python|ip estatica|acceso remoto|servidor web|servidor de archivos|pantalla lcd|reles|proyecto|linux|terminal,"Raspberry Pi questions and answers: setup, GPIO, projects.","Preguntas y respuestas sobre Raspberry Pi: instalación, GPIO, proyectos."
retrocomputing.stackexchange.com_en_all_2026-08,computing,en,yes,vintage computer|old computer|dos|commodore|floppy|8-bit|retro computing|cp/m|retrocomputing|16-bit|ms dos|commodore 64|amiga|apple ii|zx spectrum|atari|ibm pc|486|386|z80|6502|floppy disk|cassette|basic programming|assembly language|terminal|teletype|mainframe|minicomputer|pdp|unix history|early internet|bbs|modem|crt monitor|keyboard|emulator|old software|file format|history of computing|game console|cartridge|rom|eprom|restore old computer|capacitor replacement|parallel port|serial port|vga|ega|cga|sound blaster|punch card|magnetic tape,computadora antigua|disquete|dos|commodore|ordenador antiguo|retroinformatica|8 bits|ms dos|amiga|atari|ibm pc|casete|programacion basic|lenguaje ensamblador|terminal|mainframe|historia de la informatica|modem|monitor crt|teclado|emulador|software antiguo|formato de archivo|consola de videojuegos|cartucho|rom|restaurar computadora antigua|puerto paralelo|puerto serie|tarjeta perforada|cinta magnetica|msx|zx spectrum|apple ii|ibm|z80|6502|8086|486|ensamblador|interprete basic|juegos antiguos|disco duro antiguo|fuente de poder antigua|restauracion|condensadores|unix antiguo|historia de internet|bbs|teletipo|minicomputadora|microprocesador antiguo,Retrocomputing questions and answers: old computers and their software.,Preguntas y respuestas sobre computadoras antiguas y su software.
robotics.stackexchange.com_en_all_2026-08,engineering|electronics,en,yes,robot|robotics|actuator|kinematics|stepper motor|motor controller|drone|pid controller|robot arm|mobile robot|autonomous|servo|dc motor|brushless motor|esc|encoder|control loop|inverse kinematics|forward kinematics|dynamics|path planning|navigation|slam|localization|odometry|imu|gyroscope|accelerometer|lidar|ultrasonic|camera|computer vision|ros|ros2|gazebo|simulation|quadcopter|flight controller|gripper|end effector|degrees of freedom|wheel|chassis|battery|arduino robot|raspberry pi robot|line follower|obstacle avoidance|sensor fusion|kalman filter,robot|robotica|actuador|cinematica|motor paso a paso|dron|controlador pid|brazo robotico|robot movil|autonomo|servomotor|motor dc|motor sin escobillas|controlador de motor|codificador|lazo de control|cinematica inversa|dinamica|planificacion de trayectorias|navegacion|localizacion|odometria|giroscopio|acelerometro|lidar|camara|vision por computadora|ros|simulacion|cuadricoptero|controlador de vuelo|pinza|grados de libertad|rueda|chasis|bateria|seguidor de linea|evitar obstaculos|fusion de sensores|filtro de kalman|brazo robot|robot autonomo|motor servo|control de motores|sensores para robots|bateria del robot|arduino robot|robot con raspberry|impresion 3d de piezas|programar un robot,"Robotics questions and answers: motors, control, kinematics.","Preguntas y respuestas de robótica: motores, control, cinemática."
security.stackexchange.com_en_all_2026-08,computing,en,yes,password|encryption|malware|firewall|hacking|certificate|virus|phishing|information security|cybersecurity|password manager|two factor authentication|2fa|aes|rsa|hash|hashing|tls|ssl|https|public key|private key|pgp|ransomware|trojan|scam|antivirus|vulnerability|exploit|patch|update|hacked account|data breach|vpn|tor|anonymity|backup|disk encryption|wifi security|router security|social engineering|authentication|authorization|xss|sql injection|penetration testing|secure communication|threat model|identity theft|account recovery,seguridad informatica|contrasena|cifrado|malware|cortafuegos|privacidad|certificado|virus informatico|ciberseguridad|gestor de contrasenas|autenticacion de dos factores|encriptacion|hash|clave publica|clave privada|ransomware|troyano|phishing|estafa|antivirus|vulnerabilidad|parche|actualizacion|hackeo|cuenta hackeada|filtracion de datos|rastreo|vpn|tor|anonimato|copia de seguridad|cifrado de disco|seguridad wifi|seguridad del router|ingenieria social|autenticacion|comunicacion segura|hash de contrasena|tls|https|clave pgp|firma digital|ataque|vulnerabilidad web|inyeccion sql|xss|pruebas de penetracion|modelo de amenazas|robo de identidad|estafa en linea|correo falso,"Information security questions and answers: passwords, encryption, malware.","Preguntas y respuestas de seguridad informática: contraseñas, cifrado, malware."
stackoverflow.com_en_all_2026-07,computing,en,yes,programming|code|python|javascript|java|c++|compile|function|database|sql|bug|exception|coding|typescript|c#|php|ruby|kotlin|mysql|postgresql|sqlite|html|css|react|node js|django|flask|rest api|xml|regex|regular expression|git|github|compile error|syntax error|stack trace|null pointer|debugging|class|object|array|list|dictionary|loop|recursion|algorithm|data structure|unit test|library|package|install|framework|script|android|web development,programacion|codigo|python|javascript|compilar|funcion|base de datos|sql|programar|java|c++|html|css|expresion regular|git|error de compilacion|error de sintaxis|excepcion|depuracion|clase|objeto|arreglo|lista|diccionario|bucle|ciclo for|recursion|algoritmo|estructura de datos|prueba unitaria|libreria|paquete|instalar|framework|script|desarrollo web|aplicacion movil|typescript|c sharp|php|ruby|kotlin|mysql|postgresql|sqlite|react|node js|django|flask|api rest|xml|github|traza de pila|puntero nulo|android|consulta sql|compilador|programa no funciona,Stack Overflow: programming questions and answers in every language.,Stack Overflow: preguntas y respuestas de programación en todos los lenguajes.
unix.stackexchange.com_en_all_2026-08,computing,en,yes,linux|unix|bash|shell|command line|terminal|ubuntu|debian|file permissions|cron|shell script|fedora|centos|freebsd|ls|grep|sed|awk|chmod|chown|sudo|user account|package manager|apt|yum|dnf|systemd|crontab|disk space|mount|partition|filesystem|ext4|fstab|usb drive|ssh|rsync|tar|archive|log files|kernel|driver|boot|grub|environment variable|redirect|vim|nano|bash script error|file system full,linux|unix|bash|linea de comandos|terminal|ubuntu|permisos|consola|script de shell|debian|permisos de archivo|sudo|cuenta de usuario|gestor de paquetes|apt|servicio|tarea programada|proceso|espacio en disco|montar|particion|sistema de archivos|memoria usb|ssh|copia de seguridad|comprimir archivos|registros|kernel|controlador|arranque|variable de entorno|redireccion|editor de texto|grep|sed|awk|chmod|chown|apt get|systemd|crontab|matar proceso|montar disco|usb|fstab|rsync|tar|ssh remoto|logs del sistema|grub|vim|nano|tuberia|redireccionar salida,"Unix and Linux questions and answers: shell, commands, system administration.","Preguntas y respuestas de Unix y Linux: terminal, comandos, administración."
wikipedia_en_all_maxi_2026-02,reference,en,yes,encyclopedia|history|biography|country|war|invention|culture|religion|city|historical|famous person|nation|capital city|region|geography|river|mountain|battle|empire|revolution|president|king|queen|politics|government|art|painting|music|film|literature|inventor|discovery|scientist|philosopher|ancient|medieval|century|sport|olympics|food dish|festival|tradition|architecture|monument|economy|population|flag|currency|who invented|when did|famous,enciclopedia|historia|biografia|pais|guerra|invento|cultura|ciudad|historico|personaje famoso|nacion|capital|region|geografia|rio|montana|batalla|imperio|revolucion|presidente|rey|reina|politica|gobierno|religion|arte|pintura|musica|pelicula|literatura|idioma|inventor|descubrimiento|cientifico|filosofo|antiguo|medieval|siglo|acontecimiento|deporte|olimpiadas|planta|plato tipico|festival|tradicion|arquitectura|monumento|economia|poblacion|bandera|moneda,"English Wikipedia, every article with images: the general encyclopedia.","Wikipedia en inglés, todos los artículos con imágenes: la enciclopedia general."
wikipedia_es_all_maxi_2026-05,reference,es,yes,encyclopedia|history|biography|country|war|invention|culture|religion|city|capital city|geography|empire|revolution|president|king|politics|government|art|music|film|literature|discovery|scientist|ancient|century|sport|tradition|architecture|economy|population|history of latin america|spanish history|independence of|colonial period|mexican revolution|famous latin americans|geography of|cities of|rivers of|mountains of|presidents of|culture of|music of|food of|literature of|football clubs|catholic church|indigenous peoples|aztec|maya|inca,enciclopedia|historia|biografia|pais|guerra|invento|cultura|ciudad|historico|personaje famoso|nacion|capital|region|departamento|provincia|geografia|rio|montana|batalla|imperio|independencia|revolucion|presidente|rey|reina|politica|gobierno|religion|arte|pintura|musica|pelicula|telenovela|literatura|idioma|inventor|descubrimiento|cientifico|filosofo|antiguo|colonial|siglo|acontecimiento|deporte|futbol|planta|comida tipica|festival|tradicion|arquitectura|monumento|economia|poblacion|bandera|moneda|america latina|historia de america latina|historia de espana|independencia de|periodo colonial|revolucion mexicana|latinoamericanos famosos|geografia de|ciudades de|rios de|montanas de|presidentes de|cultura de|musica de|comida de|literatura de|clubes de futbol|iglesia catolica|pueblos indigenas|aztecas|mayas|incas|muiscas|conquista|virreinato,"Spanish Wikipedia, every article with images: the general encyclopedia.","Wikipedia en español, todos los artículos con imágenes: la enciclopedia general."
economics.stackexchange.com_en_all_2026-08,law-economics,en,yes,economics|inflation|market|supply and demand|trade|currency|gdp|recession|interest rate|economy|microeconomics|macroeconomics|deflation|hyperinflation|price|elasticity|competition|monopoly|international trade|tariff|exchange rate|devaluation|central bank|money supply|depression|unemployment|wages|labor market|poverty|inequality|taxation|public debt|government spending|subsidy|barter|game theory|incentive|opportunity cost|scarcity|cost benefit|externality|public goods|economic growth|development economics|microfinance|cooperative|black market|rationing|price control|keynes,economia|inflacion|mercado|oferta y demanda|comercio|moneda|pib|recesion|tasa de interes|microeconomia|macroeconomia|deflacion|hiperinflacion|precio|elasticidad|competencia|monopolio|comercio internacional|arancel|tipo de cambio|tasa de cambio|devaluacion|banco central|desempleo|salario|mercado laboral|pobreza|desigualdad|impuestos|deuda publica|gasto publico|subsidio|trueque|teoria de juegos|incentivo|costo de oportunidad|escasez|costo beneficio|externalidad|bienes publicos|crecimiento economico|desarrollo economico|microfinanzas|cooperativa|mercado negro|racionamiento|control de precios|precio del dolar|costo de vida|politica economica,"Economics questions and answers: markets, inflation, trade.","Preguntas y respuestas de economía: mercados, inflación, comercio."
law.stackexchange.com_en_all_2026-08,law-economics,en,yes,law|legal|contract|rights|court|lawsuit|tenant|landlord|property|lawyer|copyright|legality|is it legal|attorney|judge|sue|small claims|agreement|breach of contract|liability|negligence|damages|lease|rent|eviction|land ownership|deed|inheritance|will|estate|divorce|custody|marriage|employment law|fired|wages owed|discrimination|trademark|patent|license|privacy law|police|arrest|criminal law|self defense|evidence|witness|notary|power of attorney|constitution|statute|jurisdiction,ley|legal|contrato|derechos|tribunal|demanda|inquilino|arrendador|propiedad|abogado|es legal|juzgado|juez|demandar|acuerdo|incumplimiento de contrato|responsabilidad civil|negligencia|danos y perjuicios|arriendo|alquiler|desalojo|titulo de propiedad|escritura|herencia|testamento|sucesion|divorcio|custodia|matrimonio|derecho laboral|despido|salario adeudado|discriminacion|derechos de autor|marca registrada|patente|licencia|policia|arresto|derecho penal|legitima defensa|prueba|testigo|notario|poder notarial|constitucion|jurisdiccion|derecho civil|denuncia,"Law questions and answers: contracts, rights, property, courts.","Preguntas y respuestas de derecho: contratos, derechos, propiedad, tribunales."
money.stackexchange.com_en_all_2026-08,law-economics,en,yes,money|budget|savings|loan|debt|tax|bank|mortgage|insurance|retirement|credit|personal finance|budgeting|emergency fund|saving money|pay off debt|credit card|credit score|interest|compound interest|rent or buy|bank account|checking account|cash|income tax|tax return|deduction|pension|investment|stock|bond|index fund|inflation|health insurance|life insurance|car loan|student loan|salary|paycheck|side income|small business|invoice|bookkeeping|expense tracking|frugal|cost of living|remittance|send money|exchange rate|scam|financial planning,dinero|presupuesto|ahorro|prestamo|deuda|impuesto|banco|hipoteca|seguro|jubilacion|credito|finanzas personales|fondo de emergencia|ahorrar dinero|pagar deudas|tarjeta de credito|historial crediticio|interes|interes compuesto|alquilar o comprar|cuenta bancaria|efectivo|impuesto sobre la renta|declaracion de impuestos|pension|inversion|acciones|bonos|seguro medico|seguro de vida|credito de carro|prestamo estudiantil|salario|ingreso extra|pequeno negocio|factura|contabilidad|control de gastos|costo de vida|remesa|enviar dinero|tipo de cambio|estafa|planificacion financiera|cuenta de ahorros|tasa de interes|presupuesto familiar|ahorrar para emergencias|invertir dinero|cajero,"Personal finance questions and answers: budgets, loans, taxes, savings.","Preguntas y respuestas de finanzas personales: presupuesto, préstamos, impuestos, ahorro."
openstax-03,law-economics|education,en,yes,accounting|bookkeeping|ledger|business|finance|management|marketing|entrepreneurship|microeconomics|macroeconomics|financial accounting|managerial accounting|double entry|journal entry|balance sheet|income statement|cash flow statement|debit|credit|assets|liabilities|equity|depreciation|inventory|cost accounting|budget|introduction to business|business plan|startup|small business|leadership|organizational behavior|human resources|sales|pricing|principles of finance|investment|interest|time value of money|economics|business law|business ethics|statistics for business|operations|supply chain|cooperative|nonprofit|profit and loss|cash management|pricing strategy,contabilidad|libro contable|negocio|finanzas|administracion|mercadeo|emprendimiento|microeconomia|macroeconomia|contabilidad financiera|contabilidad administrativa|teneduria de libros|partida doble|libro mayor|asiento contable|balance general|estado de resultados|flujo de caja|debito|credito|activos|pasivos|patrimonio|depreciacion|inventario|costos|presupuesto|plan de negocios|pequena empresa|liderazgo|recursos humanos|ventas|precios|inversion|valor del dinero en el tiempo|economia|derecho comercial|etica empresarial|cadena de suministro|cooperativa|organizacion sin fines de lucro|perdidas y ganancias|manejo de efectivo|estrategia de precios|plan de mercadeo|costos fijos|costos variables|punto de equilibrio|nomina|flujo de efectivo,"OpenStax business textbooks (PDF): accounting, finance, management, economics.","Libros de texto de negocios de OpenStax (PDF): contabilidad, finanzas, administración, economía."
artofproblemsolving_en_all_maxi_2021-03,math|education,en,yes,competition math|olympiad|problem solving|number theory|combinatorics|geometry problem|math olympiad|imo|amc|aime|mathcounts|counting|probability problem|triangle|circle theorem|inequality|algebra problem|polynomial|functional equation|sequence|series|modular arithmetic|prime|divisibility|proof|induction|pigeonhole|invariant|recursion|trigonometry|complex numbers|diophantine|contest|olympiad training|worked solution|hard problem|puzzle|logic puzzle|math circle|euclidean geometry|vectors|matrices|graph theory|game theory|calculus problem|integer|fraction|ratio|percent|word problem|area|volume|squared|square root,olimpiada de matematicas|resolucion de problemas|teoria de numeros|combinatoria|matematicas de competencia|conteo|problema de probabilidad|problema de geometria|triangulo|circulo|desigualdad|polinomio|ecuacion funcional|sucesion|serie|aritmetica modular|numero primo|divisibilidad|demostracion|induccion|principio del palomar|acertijo|rompecabezas|problema dificil|solucion detallada|geometria euclidiana|vectores|matrices|teoria de grafos|numero entero|fraccion|razon|porcentaje|problema verbal|area|volumen|imo|amc|aime|induccion matematica|invariante|recursion|numeros complejos|ecuacion diofantica|concurso|entrenamiento olimpico|circulo matematico|calculo|trigonometria|logica|juegos matematicos|demostracion olimpica|al cuadrado|raiz cuadrada,Art of Problem Solving wiki: competition mathematics and worked problems.,Wiki de Art of Problem Solving: matemáticas de competencia y problemas resueltos.
math.stackexchange.com_en_all_2026-08,math,en,yes,math|mathematics|equation|integral|derivative|algebra|proof|matrix|probability|calculus|geometry|logarithm|arithmetic|linear algebra|solve for x|quadratic equation|inequality|function|graph|trigonometry|sine|cosine|limit|differential equation|series|sequence|combinatorics|statistics|vector|eigenvalue|theorem|set theory|logic|number theory|prime|exponent|fraction|percentage|ratio|area|volume|circle|triangle|pythagorean|complex number|topology|abstract algebra|group theory|optimization|unit conversion|formula|squared|square root|cubed|power of,matematicas|ecuacion|integral|derivada|algebra|demostracion|matriz|probabilidad|calculo|geometria|logaritmo|aritmetica|algebra lineal|despejar x|ecuacion cuadratica|desigualdad|funcion|grafica|trigonometria|seno|coseno|limite|ecuacion diferencial|serie|sucesion|combinatoria|estadistica|vector|valor propio|teorema|teoria de conjuntos|logica|teoria de numeros|numero primo|exponente|fraccion|porcentaje|razon|area|volumen|circulo|triangulo|pitagoras|numero complejo|topologia|optimizacion|conversion de unidades|formula|regla de tres|resolver ecuaciones|al cuadrado|raiz cuadrada|al cubo|potencia,Mathematics questions and answers at every level.,Preguntas y respuestas de matemáticas de todos los niveles.
matheducators.stackexchange.com_en_all_2026-08,math|education,en,yes,teaching math|math lesson|math curriculum|math students|how to teach|math teacher|lesson plan|explain to students|homeschool math|elementary math|middle school math|high school math|teaching fractions|teaching algebra|teaching calculus|math anxiety|struggling student|assessment|exam|grading|homework|motivation|manipulatives|word problems|mental math|multiplication tables|number sense|teaching proofs|classroom|tutoring|pedagogy|math education research|textbook choice|calculator use|teaching geometry|teaching statistics|learning difficulties|dyscalculia|differentiated instruction|active learning|group work|math games|teaching without technology|adult learners|common mistakes|teacher training|textbook selection|flipped classroom|project based learning|teaching percentages,ensenar matematicas|clase de matematicas|curriculo|como ensenar|profesor de matematicas|plan de clase|curriculo de matematicas|estudiantes|explicar a los alumnos|educacion en casa|matematicas de primaria|matematicas de secundaria|ensenar fracciones|ensenar algebra|ansiedad matematica|estudiante con dificultades|evaluacion|examen|tareas|motivacion|material concreto|problemas verbales|calculo mental|tablas de multiplicar|sentido numerico|aula|tutoria|pedagogia|uso de calculadora|dificultades de aprendizaje|juegos matematicos|educacion de adultos|errores comunes|ensenar estadistica|ensenar geometria|formacion docente|eleccion de libro de texto|aula invertida|aprendizaje por proyectos|ensenar calculo|ensenar demostraciones|trabajo en grupo|aprendizaje activo|discalculia|ensenanza diferenciada|clase sin tecnologia|investigacion educativa|calificar|ensenar porcentajes|ensenar ecuaciones,Questions and answers on teaching mathematics.,Preguntas y respuestas sobre la enseñanza de las matemáticas.
openstax-04,math|education,en,yes,algebra|calculus|statistics|trigonometry|precalculus|prealgebra|arithmetic|exercises|worked example|college algebra|elementary algebra|intermediate algebra|fractions|decimals|percent|calculus volume 1|calculus volume 2|calculus volume 3|derivative|integral|limits|introductory statistics|probability|contemporary mathematics|equations|inequalities|functions|graphs|polynomials|exponential|logarithm|systems of equations|matrices|sequences|conic sections|vectors|multivariable calculus|textbook|answer key|practice problems|chapter review|try it|word problems|units|measurement|financial math|interest|geometry basics|data analysis|hypothesis testing|regression|squared|square root,algebra|calculo|estadistica|trigonometria|precalculo|aritmetica|ejercicios|ejemplo resuelto|algebra universitaria|algebra elemental|prealgebra|fracciones|decimales|porcentaje|derivada|integral|limites|estadistica introductoria|probabilidad|ecuaciones|desigualdades|funciones|graficas|polinomios|exponencial|logaritmo|sistemas de ecuaciones|matrices|sucesiones|secciones conicas|vectores|calculo multivariable|libro de texto|respuestas|problemas de practica|repaso del capitulo|problemas verbales|unidades|medicion|matematica financiera|interes|geometria basica|analisis de datos|prueba de hipotesis|regresion|ejercicios resueltos|matematicas basicas|razones y proporciones|graficar funciones|interes compuesto|al cuadrado|raiz cuadrada,OpenStax mathematics textbooks (PDF) with worked examples and exercises.,Libros de matemáticas de OpenStax (PDF) con ejemplos resueltos y ejercicios.
proofwiki_en_all_maxi_2026-04,math,en,yes,proof|theorem|lemma|axiom|definition|corollary|conjecture|proposition|proof by induction|proof by contradiction|direct proof|set theory|group theory|ring|field|vector space|topology|metric space|real analysis|complex analysis|number theory|prime number theorem|euclid|fermat|euler|gauss|cauchy|riemann|infinite series|convergence|continuity|differentiability|integral theorem|category theory|logic|predicate|mapping|bijection|cardinality|ordinal|equivalence relation|partial order|lattice|graph theory|combinatorics|polynomial|identity|inequality proof|formal proof|prove that,demostracion|teorema|lema|axioma|corolario|definicion|conjetura|proposicion|demostracion por induccion|reduccion al absurdo|teoria de conjuntos|teoria de grupos|anillo|cuerpo|espacio vectorial|topologia|espacio metrico|analisis real|analisis complejo|teoria de numeros|euclides|fermat|euler|gauss|series infinitas|convergencia|continuidad|derivabilidad|logica|aplicacion|biyeccion|cardinalidad|relacion de equivalencia|orden parcial|teoria de grafos|combinatoria|identidad|demostracion formal|cauchy|riemann|teorema de pitagoras|teorema fundamental|numeros primos|infinitos primos|irracionalidad|raiz de dos|limite|integral|funcion continua|ordinal|reticulo|categoria,ProofWiki: mathematical definitions and proofs.,ProofWiki: definiciones y demostraciones matemáticas.
stats.stackexchange.com_en_all_2026-08,math,en,yes,statistics|regression|distribution|average|mean|median|variance|sample size|hypothesis test|p-value|standard deviation|statistical|data analysis|linear regression|logistic regression|correlation|causation|probability distribution|normal distribution|binomial|poisson|mode|standard error|confidence interval|p value|t test|chi square|anova|sampling|survey|bias|outlier|missing data|bayesian|prior|likelihood|machine learning|cross validation|overfitting|time series|forecast|r programming|excel statistics|histogram|box plot|percentile|significance|effect size|experiment design|randomized trial|odds ratio,estadistica|regresion|distribucion|promedio|media|mediana|varianza|muestra|prueba de hipotesis|desviacion estandar|estadistico|analisis de datos|regresion lineal|regresion logistica|correlacion|causalidad|distribucion de probabilidad|distribucion normal|binomial|poisson|moda|error estandar|intervalo de confianza|valor p|prueba t|chi cuadrado|anova|tamano de muestra|muestreo|encuesta|sesgo|valor atipico|datos faltantes|bayesiano|aprendizaje automatico|validacion cruzada|serie de tiempo|pronostico|histograma|diagrama de caja|percentil|significancia|diseno de experimentos|ensayo aleatorizado|estadistica descriptiva|muestra representativa|tabla de frecuencias|grafico de barras|probabilidad condicional|ley de los grandes numeros,"Statistics questions and answers: data, distributions, tests.","Preguntas y respuestas de estadística: datos, distribuciones, pruebas."
wiktionary_en_all_nopic_2026-08,language,en,yes,definition|meaning of|word|translate|translation|pronunciation|synonym|etymology|spelling|dictionary|define|meaning|what does it mean|vocabulary|translation of|how do you say|how to pronounce|ipa|antonym|origin of the word|how to spell|plural|conjugation|verb tense|past tense|noun|adjective|adverb|grammar|idiom|expression|slang|abbreviation|acronym|thesaurus|rhyme|homonym|dialect|regional word|archaic word|usage example|part of speech|gender of noun|accent mark|false friend|loanword|root word|prefix|suffix|compound word,definicion|significado|palabra|traducir|traduccion|pronunciacion|sinonimo|etimologia|ortografia|diccionario|definir|que significa|vocabulario|como se dice|como se pronuncia|antonimo|origen de la palabra|como se escribe|plural|conjugacion|conjugar|tiempo verbal|pasado|sustantivo|adjetivo|adverbio|gramatica|modismo|expresion|jerga|abreviatura|sigla|rima|homonimo|dialecto|regionalismo|palabra antigua|ejemplo de uso|categoria gramatical|genero del sustantivo|tilde|acento ortografico|falso amigo|prestamo linguistico|raiz|prefijo|sufijo|palabra compuesta|significado de la palabra|en ingles,"English Wiktionary: definitions, translations and pronunciations.","Wikcionario en inglés: definiciones, traducciones y pronunciación."
wiktionary_es_all_2025-03,language,es,yes,definition|meaning of|word|translate|translation|pronunciation|synonym|etymology|spelling|dictionary|define|meaning|what does it mean|vocabulary|translation of|how do you say|how to pronounce|ipa|antonym|origin of the word|how to spell|plural|conjugation|verb tense|past tense|noun|adjective|adverb|grammar|idiom|expression|slang|abbreviation|acronym|thesaurus|rhyme|homonym|dialect|regional word|archaic word|usage example|part of speech|gender of noun|accent mark|false friend|loanword|root word|prefix|suffix|compound word,definicion|significado|palabra|traducir|traduccion|pronunciacion|sinonimo|etimologia|ortografia|diccionario|definir|que significa|vocabulario|como se dice|como se pronuncia|antonimo|origen de la palabra|como se escribe|plural|conjugacion|conjugar|tiempo verbal|pasado|sustantivo|adjetivo|adverbio|gramatica|modismo|expresion|jerga|abreviatura|sigla|rima|homonimo|dialecto|regionalismo|palabra antigua|ejemplo de uso|categoria gramatical|genero del sustantivo|tilde|acento ortografico|falso amigo|prestamo linguistico|raiz|prefijo|sufijo|palabra compuesta|significado de la palabra|en ingles,Spanish Wiktionary with images: definitions and translations.,Wikcionario en español con imágenes: definiciones y traducciones.
wiktionary_es_all_nopic_2026-06,language,es,yes,definition|meaning of|word|translate|translation|pronunciation|synonym|etymology|spelling|dictionary|define|meaning|what does it mean|vocabulary|translation of|how do you say|how to pronounce|ipa|antonym|origin of the word|how to spell|plural|conjugation|verb tense|past tense|noun|adjective|adverb|grammar|idiom|expression|slang|abbreviation|acronym|thesaurus|rhyme|homonym|dialect|regional word|archaic word|usage example|part of speech|gender of noun|accent mark|false friend|loanword|root word|prefix|suffix|compound word,definicion|significado|palabra|traducir|traduccion|pronunciacion|sinonimo|etimologia|ortografia|diccionario|definir|que significa|vocabulario|como se dice|como se pronuncia|antonimo|origen de la palabra|como se escribe|plural|conjugacion|conjugar|tiempo verbal|pasado|sustantivo|adjetivo|adverbio|gramatica|modismo|expresion|jerga|abreviatura|sigla|rima|homonimo|dialecto|regionalismo|palabra antigua|ejemplo de uso|categoria gramatical|genero del sustantivo|tilde|acento ortografico|falso amigo|prestamo linguistico|raiz|prefijo|sufijo|palabra compuesta|significado de la palabra|en ingles,"Spanish Wiktionary, text only: definitions and translations.","Wikcionario en español, solo texto: definiciones y traducciones."
bvmc-catalogue,literature,es,no,,,"Catalogue of the Biblioteca Virtual Miguel de Cervantes: a bibliographic index, not the books.","Catálogo de la Biblioteca Virtual Miguel de Cervantes: un índice bibliográfico, no los libros."
gutenberg_en_all_2023-08,literature,en,yes,book|novel|poem|poetry|author|classic|shakespeare|short story|fiction|books|writer|classic literature|poet|drama|playwright|dickens|austen|twain|tolstoy|homer|odyssey|nonfiction|essay|philosophy|plato|aristotle|myth|mythology|fairy tale|fable|adventure story|history book|biography book|public domain|ebook|chapter|quote|quotation|summary of|plot|character|literature|epic|sonnet|verse|science fiction classic|detective story|children's book|old book|historical novel,libro|novela|poema|poesia|autor|clasico|cuento|obra de teatro|libros|leer|lectura|escritor|literatura clasica|poeta|drama|dramaturgo|cervantes|don quijote|garcia lorca|ruben dario|lope de vega|ficcion|ensayo|filosofia|mito|mitologia|cuento de hadas|fabula|novela de aventuras|biografia|dominio publico|libro electronico|capitulo|cita|frase celebre|resumen de|argumento|personaje|literatura|epopeya|soneto|verso|novela policiaca|libro infantil|siglo de oro|libro antiguo|novela historica|clasicos universales|literatura inglesa|literatura rusa,Project Gutenberg: public-domain books in English.,Proyecto Gutenberg: libros de dominio público en inglés.
gutenberg_es_all_2026-01,literature,es,yes,book|novel|poem|poetry|author|classic|short story|books|writer|classic literature|poet|drama|playwright|shakespeare|dickens|austen|twain|tolstoy|homer|odyssey|fiction|nonfiction|essay|philosophy|plato|aristotle|myth|mythology|fairy tale|fable|adventure story|history book|biography book|public domain|ebook|chapter|quote|quotation|summary of|plot|character|literature|epic|sonnet|verse|science fiction classic|detective story|children's book|old book|historical novel,libro|novela|poema|poesia|autor|clasico|cuento|obra de teatro|cervantes|libros|leer|lectura|escritor|literatura clasica|poeta|drama|dramaturgo|don quijote|garcia lorca|ruben dario|lope de vega|ficcion|ensayo|filosofia|mito|mitologia|cuento de hadas|fabula|novela de aventuras|biografia|dominio publico|libro electronico|capitulo|cita|frase celebre|resumen de|argumento|personaje|literatura|epopeya|soneto|verso|novela policiaca|libro infantil|siglo de oro|libro antiguo|novela historica|clasicos universales|literatura inglesa|literatura rusa,Project Gutenberg: public-domain books in Spanish.,Proyecto Gutenberg: libros de dominio público en español.
openstax-06,computing|education,en,yes,computer science|python programming|data science|information systems|spreadsheet|additive manufacturing|3d printing|introduction to computer science|python|programming basics|algorithm|principles of data science|data analysis|database|excel|workplace software|word processor|presentation software|cad model|psychology|sociology|philosophy|political science|american government|history|world history|us history|writing guide|college success|anthropology|lifespan development|human development|preparing for college|study skills|research methods|ethics|logic|textbook|exercises|chapter review|worked example|statistics|calculus|economics basics|organizational behavior|entrepreneurship|nutrition|public speaking|art appreciation|data visualization,ciencias de la computacion|programacion en python|ciencia de datos|sistemas de informacion|hoja de calculo|impresion 3d|introduccion a la computacion|python|fundamentos de programacion|algoritmo|analisis de datos|base de datos|excel|procesador de texto|presentaciones|manufactura aditiva|modelo cad|psicologia|sociologia|filosofia|ciencia politica|historia|historia universal|guia de redaccion|exito universitario|antropologia|desarrollo humano|tecnicas de estudio|metodos de investigacion|etica|logica|libro de texto|ejercicios|estadistica|historia de estados unidos|economia basica|comportamiento organizacional|emprendimiento|nutricion|hablar en publico|apreciacion del arte|gobierno|politica|ciencias sociales|humanidades|ejemplo resuelto|preguntas de repaso|investigacion|redaccion academica|universidad|visualizacion de datos|graficos|algoritmos basicos|python para principiantes|psicologia general|sociologia general|historia mundial|exito academico|aprender a estudiar|tecnicas de investigacion|filosofia general|logica formal|etica profesional|antropologia cultural|crecimiento y desarrollo|gobierno y politica,"OpenStax textbooks (PDF): computer science, Python, data science and other subjects.","Libros de texto de OpenStax (PDF): computación, Python, ciencia de datos y otras materias."
standard-ebooks,literature,en,yes,book|novel|classic|ebook|author|poetry|short story|books|writer|classic literature|poem|poet|drama|playwright|shakespeare|dickens|austen|twain|tolstoy|homer|odyssey|fiction|nonfiction|essay|philosophy|plato|aristotle|myth|mythology|fairy tale|fable|adventure story|history book|biography book|public domain|chapter|quote|quotation|summary of|plot|character|literature|epic|sonnet|verse|science fiction classic|detective story|children's book|old book|historical novel,libro|novela|clasico|libro electronico|autor|poesia|cuento|libros|leer|lectura|escritor|literatura clasica|poema|poeta|obra de teatro|drama|dramaturgo|cervantes|don quijote|garcia lorca|ruben dario|lope de vega|ficcion|ensayo|filosofia|mito|mitologia|cuento de hadas|fabula|novela de aventuras|biografia|dominio publico|capitulo|cita|frase celebre|resumen de|argumento|personaje|literatura|epopeya|soneto|verso|novela policiaca|libro infantil|siglo de oro|libro antiguo|novela historica|clasicos universales|literatura inglesa|literatura rusa,Standard Ebooks: carefully produced public-domain classics in English.,"Standard Ebooks: clásicos de dominio público en inglés, cuidadosamente editados."
wikisource_es_all_maxi_2026-07,literature|reference,es,yes,original text|historical document|constitution|poem|literary work|public domain text|primary source|declaration of independence|treaty|law text|decree|speech|letter|chronicle|colonial document|poetry|classic text|bible|religious text|hymn|anthem|national anthem|manifesto|essay|novel text|play text|spanish literature|latin american literature|full text|transcription|letters|chronicles of the indies|golden age|ballads|civil code|legal code|historical speech|founding documents|independence|bolivar|marti|colonial history|spanish crown|indigenous chronicle|travel narrative|sermons|old spanish|medieval text|cantar de mio cid|lazarillo,texto original|documento historico|constitucion|poema|obra literaria|texto de dominio publico|fuente primaria|acta de independencia|declaracion de independencia|tratado|texto de ley|decreto|discurso|carta|cronica|cronica de indias|documento colonial|poesia|texto clasico|biblia|texto religioso|himno|himno nacional|manifiesto|ensayo|novela|obra de teatro|literatura espanola|literatura latinoamericana|texto completo|transcripcion|siglo de oro|romancero|codigo civil|cartas|cartas de relacion|bolivar|jose marti|independencia|historia colonial|corona espanola|cronica indigena|relato de viaje|sermones|espanol antiguo|texto medieval|cantar de mio cid|lazarillo de tormes|leyes de indias|discursos historicos|documentos fundacionales,Spanish Wikisource: public-domain texts and historical documents.,Wikisource en español: textos de dominio público y documentos históricos.
appropedia_en_all_maxi_2026-02,engineering|energy|water|food,en,yes,appropriate technology|solar cooker|biogas|water filter|cookstove|composting toilet|rainwater harvesting|diy|sustainable building|ferrocement|do it yourself|homemade|low cost|sustainable|off grid|solar oven|solar water heater|solar dryer|biogas digester|rocket stove|improved stove|charcoal|briquettes|slow sand filter|biosand filter|ceramic filter|sodis|solar disinfection|cistern|latrine|greywater|irrigation|drip irrigation|treadle pump|rope pump|wind pump|micro hydro|bicycle generator|earthbag|cob|adobe|rammed earth|bamboo construction|straw bale|shelter|insulation|evaporative cooler|zeer pot|food dehydrator|permaculture|aquaponics|hand washing station|tippy tap|open source hardware|3d printing,tecnologia apropiada|cocina solar|biogas|filtro de agua|estufa mejorada|bano seco|captacion de agua de lluvia|construccion sostenible|hagalo usted mismo|casero|bajo costo|sostenible|fuera de la red|horno solar|calentador solar de agua|secador solar|biodigestor|estufa rocket|carbon|briquetas|filtro lento de arena|filtro de bioarena|filtro de ceramica|desinfeccion solar|sodis|cisterna|letrina|aguas grises|riego|riego por goteo|bomba de mecate|bomba de pedal|molino de viento|microhidro|generador de bicicleta|superadobe|adobe|tapial|ferrocemento|construccion con bambu|guadua|pacas de paja|refugio|aislamiento|enfriador evaporativo|deshidratador de alimentos|permacultura|acuaponia|estacion de lavado de manos|hardware libre|impresion 3d,"Appropedia: appropriate technology, do-it-yourself solutions for water, energy, food and shelter.","Appropedia: tecnología apropiada, soluciones caseras para agua, energía, alimentos y vivienda."
archlinux_en_all_maxi_2026-07,computing,en,yes,arch linux|pacman|systemd|kernel|driver|bootloader|grub|linux install|archwiki|linux|install linux|installation guide|aur|systemctl|journalctl|kernel module|nvidia driver|graphics driver|wifi driver|bluetooth linux|sound linux|pulseaudio|pipewire|alsa|xorg|wayland|desktop environment|gnome|kde|window manager|display manager|uefi|bios|partition|disk encryption|luks|lvm|btrfs|ext4|swap|fstab|network manager|ssh server|firewall linux|iptables|cron|users and groups|sudo|locale|keyboard layout|power management|laptop linux|suspend|hibernate,arch linux|pacman|systemd|kernel|controlador|gestor de arranque|instalar linux|linux|guia de instalacion|modulo del kernel|driver de video|driver wifi|bluetooth en linux|sonido en linux|entorno de escritorio|gestor de ventanas|grub|uefi|bios|particion|cifrado de disco|swap|gestor de red|servidor ssh|cortafuegos|usuarios y grupos|sudo|idioma del sistema|distribucion del teclado|ahorro de energia|portatil con linux|suspender|hibernar|wayland|xorg|gnome|kde|pipewire|pulseaudio|journalctl|systemctl|aur|luks|btrfs|ext4|fstab|nvidia en linux|iptables|cron|teclado en linux,ArchWiki: detailed Linux documentation that applies far beyond Arch.,"ArchWiki: documentación detallada de Linux, útil más allá de Arch."
cooking.stackexchange.com_en_all_2026-07,food,en,yes,cooking|recipe|bake|bread|food storage|ferment|meat|preserve|spoiled|canning|substitute|cook|baking|sourdough|yeast|dough|flour|cake|oven temperature|frying|boiling|roasting|grilling|chicken|beef|pork|fish|eggs|rice|beans|lentils|vegetables|soup|sauce|spices|salt|sugar|oil|butter|substitute ingredient|leftovers|refrigerate|freeze|thaw|spoiled food|food poisoning|food safety|shelf life|expiration|pickling|fermenting|preserving|smoking meat|dehydrating|cast iron|knife skills|pressure cooker|cooking without electricity|campfire cooking,cocinar|receta|hornear|pan|almacenar alimentos|fermentar|carne|conservar|echado a perder|enlatar|cocina|masa madre|levadura|masa|harina|torta|pastel|temperatura del horno|freir|hervir|asar|parrilla|pollo|res|cerdo|pescado|huevos|arroz|frijoles|lentejas|verduras|sopa|salsa|especias|sal|azucar|aceite|mantequilla|sustituir ingrediente|sobras|refrigerar|congelar|descongelar|comida en mal estado|intoxicacion alimentaria|inocuidad alimentaria|vida util|fecha de vencimiento|encurtir|ahumar carne|deshidratar|sarten de hierro|olla a presion|cocinar sin electricidad|cocinar en fogata,"Cooking questions and answers: techniques, food safety, storage.","Preguntas y respuestas de cocina: técnicas, inocuidad y conservación de alimentos."
energypedia_en_all_maxi_2026-06,energy|water,en,yes,solar panel|photovoltaic|mini grid|off grid|biogas|wind turbine|micro hydro|energy access|battery storage|charge controller|solar pump|battery bank|deep cycle battery|12v system|electricity access|rural electrification|solar|solar power|pv system|solar home system|solar lantern|micro grid|lithium battery|mppt|inverter|24v system|load calculation|energy efficiency|solar irrigation|solar water pumping|small wind|pico hydro|hydropower|biomass|charcoal|improved cookstove|clean cooking|lpg|diesel generator|hybrid system|productive use|energy policy|tariff|pay as you go|solar refrigerator|cold chain|vaccine fridge|health facility power|energy for schools|kwh|watt hours,panel solar|fotovoltaico|minirred|fuera de la red|biogas|aerogenerador|microhidro|almacenamiento en baterias|controlador de carga|bomba solar|banco de baterias|bateria de ciclo profundo|sistema de 12v|acceso a energia|electrificacion rural|solar|energia solar|sistema fotovoltaico|sistema solar domestico|linterna solar|microrred|bateria de litio|mppt|inversor|calculo de cargas|eficiencia energetica|riego solar|bombeo solar|eolica|picohidro|hidroelectrica|biomasa|carbon|estufa mejorada|cocina limpia|gas propano|generador diesel|sistema hibrido|uso productivo|politica energetica|tarifa|refrigerador solar|cadena de frio|nevera para vacunas|energia para centros de salud|kilovatio hora|solar para el hogar|kit solar|lampara solar|energia para la finca,"energypedia: energy access in practice: solar, mini-grids, biogas, wind and hydro.","energypedia: acceso a energía en la práctica: solar, minirredes, biogás, viento e hidro."
fao,food|veterinary,mul,yes,agriculture|crop|farming|soil|irrigation|livestock|fish farming|pest|harvest|food security|seed storage|poultry|small farmer|crop rotation|planting|sowing|seed|seed saving|soil fertility|soil erosion|compost|manure|fertilizer|water harvesting|drought resistant|pest control|integrated pest management|plant disease|weeds|post harvest|grain storage|storage losses|cattle|goats|sheep|pigs|chickens|animal feed|fodder|veterinary care|fisheries|aquaculture|fish pond|beekeeping|forestry|agroforestry|nutrition|famine|climate smart agriculture|cassava|maize|rice cultivation|beans|cooperative farming,agricultura|cultivo|siembra|suelo|riego|ganado|piscicultura|plaga|cosecha|seguridad alimentaria|semillas|aves de corral|pequeno agricultor|campesino|rotacion de cultivos|sembrar|semilla|guardar semillas|almacenar semillas|fertilidad del suelo|erosion del suelo|compost|abono|estiercol|fertilizante|cosecha de agua|resistente a la sequia|control de plagas|manejo integrado de plagas|enfermedad de plantas|malezas|poscosecha|almacenamiento de granos|perdidas poscosecha|vacas|cabras|ovejas|cerdos|gallinas|alimento para animales|forraje|cuidado veterinario|pesca|acuicultura|estanque de peces|apicultura|forestal|agroforesteria|nutricion|hambruna|agricultura climaticamente inteligente|yuca|maiz|cultivo de arroz|frijol|cooperativa agricola,"FAO publications (PDF): farming, livestock, fisheries and food security.","Publicaciones de la FAO (PDF): agricultura, ganadería, pesca y seguridad alimentaria."
gardening.stackexchange.com_en_all_2026-08,food,en,yes,garden|seed|grow|vegetable|compost|pest|tree|prune|fertilizer|weed|seedling|gardening|vegetable garden|growing|germination|transplant|soil|potting soil|soil ph|mulch|watering|overwatering|drainage|raised bed|container garden|greenhouse|tomato|potato|pepper|lettuce|beans|squash|corn|herbs|fruit tree|pruning|grafting|apple tree|citrus|aphids|slugs|caterpillar|plant disease|blight|powdery mildew|yellow leaves|wilting|weeds|lawn|grass|flowers|houseplant|succulent|cactus|harvest time|companion planting|crop rotation|frost protection|shade plants,jardin|huerto|planta|semilla|cultivar|verdura|hortaliza|compost|plaga|arbol|podar|fertilizante|maleza|jardineria|huerta|plantula|germinacion|trasplantar|suelo|tierra para macetas|ph del suelo|acolchado|riego|exceso de riego|drenaje|cama elevada|macetas|invernadero|tomate|papa|patata|pimenton|lechuga|frijoles|calabaza|maiz|hierbas aromaticas|arbol frutal|poda|injerto|citricos|pulgones|babosas|oruga|enfermedad de plantas|tizon|oidio|hojas amarillas|marchitamiento|malezas|cesped|flores|planta de interior|suculenta|cactus|epoca de cosecha|asociacion de cultivos|rotacion de cultivos|proteccion contra heladas,"Gardening questions and answers: growing food, soil, pests, trees.","Preguntas y respuestas de jardinería: cultivar alimentos, suelo, plagas, árboles."
ham.stackexchange.com_en_all_2026-08,electronics,en,yes,ham radio|amateur radio|antenna|transceiver|repeater|morse|shortwave|hf|vhf|callsign|radio license|dipole|yagi|vertical antenna|antenna tuner|swr|coax|feedline|handheld radio|baofeng|frequency|band|uhf|2 meter|70 cm|propagation|ionosphere|morse code|cw|ssb|fm|digital modes|ft8|aprs|packet radio|winlink|emergency communication|ares|net|qso|grounding|lightning protection|power supply|battery for radio|portable operation|field day|cb radio|gmrs|frs|walkie talkie|scanner|receiving|radio range,radioaficionado|radio|antena|transceptor|repetidor|morse|onda corta|indicativo|radio amateur|licencia de radio|dipolo|yagi|antena vertical|acoplador de antena|roe|cable coaxial|radio portatil|baofeng|frecuencia|banda|hf|vhf|uhf|propagacion|ionosfera|codigo morse|telegrafia|banda lateral|modos digitales|radio paquete|comunicacion de emergencia|red de emergencia|comunicado|puesta a tierra|proteccion contra rayos|fuente de poder|bateria para radio|operacion portatil|banda ciudadana|walkie talkie|escaner|alcance de radio|radio de onda corta|alcance de la antena|construir una antena|radio en emergencias|frecuencias de emergencia|licencia de radioaficionado|radio de dos vias|repetidora,"Amateur radio questions and answers: antennas, transceivers, emergency communication.","Preguntas y respuestas de radioafición: antenas, transceptores, comunicación de emergencia."
ehb_water_en_2016_web,water|medicine,en,yes,safe water|drinking water|water treatment|disinfect water|chlorine|boil water|water filter|well|latrine|sanitation|handwashing|clean water|purify water|water purification|bleach in water|how much bleach|chlorine dose|boiling water|sand filter|ceramic filter|solar disinfection|sodis|cloudy water|turbid water|water storage|water container|protect a well|spring protection|hand pump|rainwater|pit latrine|toilet|soap|hygiene|sewage|wastewater|waterborne disease|diarrhea|cholera|typhoid|e coli|contaminated water|flood water|water after disaster|water testing|arsenic|fluoride|water point|community water|water for life,agua potable|agua segura|tratamiento de agua|desinfectar agua|cloro|hervir agua|filtro de agua|pozo|letrina|saneamiento|agua limpia|purificar agua|potabilizar agua|cloro en el agua|cuanto cloro|lejia en el agua|filtro de arena|filtro de ceramica|desinfeccion solar|sodis|agua turbia|almacenar agua|recipiente para agua|proteger un pozo|proteccion de manantiales|bomba manual|agua de lluvia|letrina de hoyo|bano|lavado de manos|jabon|higiene|aguas negras|aguas residuales|enfermedades del agua|diarrea|colera|tifoidea|agua contaminada|agua de inundacion|agua despues de un desastre|analisis de agua|arsenico|fluor|punto de agua|agua comunitaria|agua para la vida|agua para vivir|guia comunitaria|salud ambiental,"Hesperian, Water for Life (2016): a booklet on safe water and sanitation.","Hesperian, Water for Life (2016): folleto sobre agua segura y saneamiento (en inglés)."
ehb_water_es,water|medicine,es,yes,safe water|drinking water|water treatment|disinfect water|chlorine|boil water|water filter|well|latrine|sanitation|handwashing|clean water|purify water|water purification|bleach in water|how much bleach|chlorine dose|boiling water|sand filter|ceramic filter|solar disinfection|sodis|cloudy water|turbid water|water storage|water container|protect a well|spring protection|hand pump|rainwater|pit latrine|toilet|soap|hygiene|sewage|wastewater|waterborne disease|diarrhea|cholera|typhoid|e coli|contaminated water|flood water|water after disaster|water testing|arsenic|fluoride|water point|community water|water for life,agua potable|agua segura|tratamiento de agua|desinfectar agua|cloro|hervir agua|filtro de agua|pozo|letrina|saneamiento|agua limpia|purificar agua|potabilizar agua|cloro en el agua|cuanto cloro|lejia en el agua|filtro de arena|filtro de ceramica|desinfeccion solar|sodis|agua turbia|almacenar agua|recipiente para agua|proteger un pozo|proteccion de manantiales|bomba manual|agua de lluvia|letrina de hoyo|bano|lavado de manos|jabon|higiene|aguas negras|aguas residuales|enfermedades del agua|diarrea|colera|tifoidea|agua contaminada|agua de inundacion|agua despues de un desastre|analisis de agua|arsenico|fluor|punto de agua|agua comunitaria|agua para la vida|agua para vivir|guia comunitaria|salud ambiental,"Hesperian, Agua para Vivir: safe water and sanitation, in Spanish.","Hesperian, Agua para Vivir: agua segura y saneamiento."
en_cgeh_2012_full,water|medicine|food,en,yes,environmental health|sanitation|latrine|waste|garbage|pesticide|toxic|air pollution|water pollution|mining|safe water|a community guide to environmental health|toilet|composting toilet|solid waste|recycling|burning garbage|pesticide poisoning|toxic chemicals|toxics|lead poisoning|mercury|mining pollution|oil pollution|indoor smoke|cookstove smoke|water source|watershed|deforestation|sustainable farming|health care waste|medical waste|climate change health|community organizing|environmental justice|mosquito control|rodents|pests in the home|healthy homes|housing|cooking fuel|kerosene|clean energy|agroecology|soil contamination|chemical spills|batteries waste|plastic burning|community water project|environmental health guide,salud ambiental|saneamiento|letrina|residuos|basura|pesticida|toxico|contaminacion|mineria|agua segura|guia comunitaria de salud ambiental|bano|bano seco|residuos solidos|reciclaje|quemar basura|intoxicacion por pesticidas|quimicos toxicos|toxicos|intoxicacion por plomo|mercurio|contaminacion minera|contaminacion por petroleo|contaminacion del aire|humo en la casa|humo de fogon|contaminacion del agua|fuente de agua|cuenca|deforestacion|agricultura sostenible|desechos hospitalarios|cambio climatico y salud|organizacion comunitaria|justicia ambiental|control de mosquitos|roedores|plagas en la casa|vivienda saludable|combustible para cocinar|queroseno|energia limpia|agroecologia|contaminacion del suelo|derrame quimico|desechos de baterias|quema de plastico|proyecto comunitario de agua|calidad del agua|enfermedades por mosquitos,"Hesperian, A Community Guide to Environmental Health (2012): water, sanitation, waste, toxics.","Hesperian, A Community Guide to Environmental Health (2012): agua, saneamiento, residuos, tóxicos (en inglés)."
en_cholera_factsheet_2016,medicine|water,en,yes,cholera|diarrhea|diarrhoea|dehydration|oral rehydration|ors|acute watery diarrhea|rice water stool|rehydration salts|zinc|cholera outbreak|cholera vaccine|vibrio cholerae|contaminated water|safe water|handwashing|latrine|food hygiene|cholera treatment|cholera symptoms|how cholera spreads|cholera prevention|treatment center|acute diarrhea|sudden watery diarrhea|leg cramps|sunken eyes|thirst|rapid dehydration|breastfeeding during diarrhea|keep drinking|homemade rehydration drink|sugar and salt solution|chlorinate water|wash hands with soap|cook food well|bury feces|epidemic|community health worker|seek care|antibiotics for cholera|refugee camp outbreak|flood and cholera|rehydration at home|cholera kit|signs of severe dehydration|cholera in children|bleach solution|soap and water|safe food|wash fruits|fever and cholera,colera|diarrea|deshidratacion|suero oral|rehidratacion oral|diarrea acuosa|heces como agua de arroz|sales de rehidratacion|zinc|brote de colera|vacuna contra el colera|agua contaminada|agua segura|lavado de manos|letrina|higiene de alimentos|tratamiento del colera|sintomas del colera|como se transmite el colera|prevencion del colera|diarrea aguda|diarrea repentina|calambres|ojos hundidos|sed|deshidratacion rapida|lactancia durante la diarrea|seguir tomando liquidos|suero casero|solucion de azucar y sal|clorar el agua|lavarse las manos con jabon|cocinar bien los alimentos|enterrar las heces|epidemia|promotor de salud|buscar atencion|antibioticos para el colera|brote en campamento|inundacion y colera|rehidratacion en casa|senales de deshidratacion grave|colera en ninos|solucion de cloro|agua y jabon|alimentos seguros|lavar frutas|agua hervida|mantener la lactancia|cuando ir al hospital,Hesperian cholera factsheet (2016).,"Ficha de Hesperian sobre el cólera (2016, en inglés)."
en_coronavirus,medicine,en,yes,covid|coronavirus|mask|isolation|quarantine|covid 19|sars cov 2|face mask|social distancing|fever|cough|loss of smell|shortness of breath|oxygen|testing|vaccine|handwashing|ventilation|caring for someone sick at home|long covid|pandemic|sore throat|fatigue|body aches|breathing difficulty|danger signs|oxygen level|pulse oximeter|elderly|high risk|cleaning surfaces|disinfectant|contact tracing|incubation period|asymptomatic|spread through air|droplets|gatherings|hand sanitizer|caring for patient|covid symptoms|covid treatment|covid at home|isolation period|coughing etiquette|covid in children|covid and pregnancy|ventilator|hospital care|immune|booster,covid|coronavirus|mascarilla|tapabocas|aislamiento|cuarentena|covid 19|distanciamiento social|fiebre|tos|perdida del olfato|falta de aire|oxigeno|prueba|vacuna|lavado de manos|ventilacion|cuidar a un enfermo en casa|pandemia|dolor de garganta|cansancio|dolor de cuerpo|dificultad para respirar|senales de peligro|nivel de oxigeno|oximetro|adultos mayores|alto riesgo|limpiar superficies|desinfectante|rastreo de contactos|periodo de incubacion|asintomatico|contagio por el aire|gotas|reuniones|gel antibacterial|alcohol en gel|cuidar al paciente|sintomas de covid|tratamiento del covid|covid en casa|tiempo de aislamiento|cubrirse al toser|covid en ninos|covid y embarazo|respirador|hospital|refuerzo|inmunidad,Hesperian COVID-19 factsheet.,Ficha de Hesperian sobre COVID-19 (en inglés).
en_dent_2025_full,medicine,en,yes,tooth|teeth|toothache|dental|dentist|gum|cavity|tooth extraction|abscess|where there is no dentist|dental pain|gums|bleeding gums|gum disease|tooth decay|caries|pull a tooth|tooth infection|swollen face|broken tooth|knocked out tooth|filling|temporary filling|brushing teeth|toothbrush|fluoride|dental hygiene|baby teeth|teething|wisdom tooth|jaw pain|mouth sores|mouth ulcer|bad breath|dentures|local anesthetic|dental instruments|scaling|oral health|sugar and teeth|dental emergency|swollen gum|pus|sensitive teeth|cracked tooth|root canal|dental x ray|tooth pain at night|children teeth|school dental program|dental chair|sterilizing dental tools|dental floss,diente|dientes|dolor de muelas|muela|dental|dentista|encia|caries|extraccion dental|absceso|donde no hay dentista|dolor dental|odontologo|encias|encias sangrantes|enfermedad de las encias|picadura de diente|sacar una muela|infeccion dental|cara hinchada|diente roto|diente caido|empaste|calza|cepillado|cepillo de dientes|fluor|higiene dental|dientes de leche|denticion|muela del juicio|dolor de mandibula|llagas en la boca|aftas|mal aliento|dentadura postiza|anestesia local|salud bucal|azucar y dientes|emergencia dental|encia hinchada|pus|dientes sensibles|diente rajado|tratamiento de conducto|radiografia dental|dolor de muela en la noche|dientes de ninos|programa dental escolar|esterilizar instrumentos dentales|hilo dental,"Hesperian, Where There Is No Dentist (2025).","Hesperian, Where There Is No Dentist (2025, en inglés)."
en_hcwb_2002_full,medicine|education,en,yes,blind child|blindness|vision|visual impairment|cannot see|helping children who are blind|low vision|vision loss|eye problems child|early stimulation|development of blind child|mobility|walking with cane|braille|daily living skills|play for blind children|school for blind|parents of blind child|cataract child|vitamin a deficiency|eye infection|trachoma|orientation|partial sight|glasses|eye exam|squint|crossed eyes|eye injury child|cerebral visual impairment|sensory play|touch|hearing skills|listening games|independence|feeding skills|dressing skills|toilet training|social skills|inclusive education|community rehabilitation|assistive devices|white cane|guide|reading by touch|disability rights|early intervention|eye drops|blind baby|vision screening,nino ciego|ceguera|vision|discapacidad visual|ayudar a los ninos ciegos|ninos ciegos|baja vision|perdida de vision|no ve|problemas de los ojos en ninos|estimulacion temprana|desarrollo del nino ciego|movilidad|baston|braille|actividades de la vida diaria|juegos para ninos ciegos|escuela para ciegos|padres de nino ciego|catarata infantil|falta de vitamina a|infeccion de los ojos|tracoma|orientacion|vision parcial|lentes|anteojos|examen de la vista|estrabismo|ojos bizcos|lesion en el ojo del nino|juego sensorial|tacto|habilidades auditivas|juegos para escuchar|independencia|habilidades para comer|vestirse|control de esfinteres|habilidades sociales|educacion inclusiva|rehabilitacion basada en la comunidad|ayudas tecnicas|baston blanco|lectura con el tacto|derechos de las personas con discapacidad|intervencion temprana|gotas para los ojos|bebe ciego|evaluacion de la vista,"Hesperian, Helping Children Who Are Blind (2002).","Hesperian, Helping Children Who Are Blind (2002, en inglés)."
en_hcwd_2026_full,medicine|education,en,yes,deaf child|deafness|hearing loss|sign language|cannot hear|helping children who are deaf|hard of hearing|hearing test|learning sign language|lip reading|communication with deaf child|ear infection|ear discharge|hearing aid|speech development|language development|deaf school|parents of deaf child|deaf community|inclusion|partial hearing|deaf from birth|meningitis deafness|loud noise damage|wax in ear|ear care|baby hearing|responding to sounds|gestures|home signs|family communication|deaf adults as teachers|reading and writing deaf|inclusive school|interpreter|deaf rights|cochlear implant|speech therapy|vibration|visual communication|signing games|early intervention|community rehabilitation|deaf blind|ear drops|perforated eardrum|tinnitus|deaf baby|hearing screening|ear infection child,nino sordo|sordera|perdida auditiva|lengua de senas|ayudar a los ninos sordos|ninos sordos|hipoacusia|no oye|examen de audicion|aprender lengua de senas|lectura de labios|comunicacion con nino sordo|infeccion de oido|supuracion del oido|audifono|desarrollo del habla|desarrollo del lenguaje|escuela para sordos|padres de nino sordo|comunidad sorda|inclusion|audicion parcial|sordo de nacimiento|sordera por meningitis|dano por ruido|cerilla en el oido|cuidado de los oidos|audicion del bebe|responde a sonidos|gestos|senas caseras|comunicacion en familia|adultos sordos como maestros|lectura y escritura para sordos|escuela inclusiva|interprete|derechos de las personas sordas|implante coclear|terapia del habla|vibracion|comunicacion visual|juegos de senas|intervencion temprana|rehabilitacion comunitaria|sordoceguera|gotas para el oido|timpano perforado|zumbido de oidos|bebe sordo|tamizaje auditivo|evaluacion auditiva,"Hesperian, Helping Children Who Are Deaf (2026).","Hesperian, Helping Children Who Are Deaf (2026, en inglés)."
en_hhwl_2026_full,medicine|education,en,yes,health worker|teaching health|health education|training|community health|helping health workers learn|health worker training|community health worker|participatory learning|training methods|teaching aids|role play|flip chart|adult education|learning by doing|health promotion|community diagnosis|village meeting|curriculum for health workers|supervision|problem based learning|teaching with pictures|storytelling for health|leadership|community organizing|how to teach adults|lesson planning|evaluation|learning games|puppets|drawings for teaching|low literacy|teaching about diarrhea|teaching about nutrition|practice with patients|apprenticeship|peer learning|discussion groups|questions that make people think|popular education|paulo freire|health committee|village health worker|course planning|training curriculum|teaching materials homemade|role of the teacher|respect|listening|teaching health workers,promotor de salud|educacion en salud|capacitacion|salud comunitaria|aprendiendo a promover la salud|capacitacion de promotores|agente comunitario de salud|ensenar salud|educacion para la salud|aprendizaje participativo|metodos de ensenanza|materiales didacticos|sociodrama|rotafolio|educacion de adultos|aprender haciendo|promocion de la salud|diagnostico comunitario|reunion comunitaria|supervision|ensenar con dibujos|cuentos para la salud|liderazgo|organizacion comunitaria|como ensenar a adultos|planificar clases|evaluacion|juegos de aprendizaje|titeres|dibujos para ensenar|baja alfabetizacion|ensenar sobre diarrea|ensenar sobre nutricion|practica con pacientes|aprendizaje entre pares|grupos de discusion|preguntas que hacen pensar|educacion popular|paulo freire|comite de salud|promotor de salud rural|planificar un curso|curriculo de capacitacion|materiales caseros|papel del maestro|respeto|escuchar|ensenar a promotores|capacitar promotores|talleres de salud,"Hesperian, Helping Health Workers Learn (2026): how to teach health.","Hesperian, Helping Health Workers Learn (2026): cómo enseñar salud (en inglés)."
en_midw_2026_full,medicine|first-aid,en,yes,pregnancy|pregnant|childbirth|birth|labor|labour|delivery|newborn|midwife|bleeding after birth|placenta|a book for midwives|midwifery|prenatal care|antenatal check|due date|signs of labor|giving birth|home birth|pushing|breech birth|twins|umbilical cord|cutting the cord|retained placenta|postpartum hemorrhage|tear|stitching a tear|baby not breathing|newborn resuscitation|breastfeeding|postpartum care|pre eclampsia|eclampsia|high blood pressure in pregnancy|miscarriage|ectopic pregnancy|danger signs in pregnancy|anemia in pregnancy|obstructed labor|infection after birth|family planning after birth|traditional birth attendant|birth kit|fetal heartbeat|baby movement|position of the baby|contractions|water breaking|labor pain|episiotomy|kangaroo care,embarazo|embarazada|parto|nacimiento|recien nacido|partera|sangrado despues del parto|placenta|un libro para parteras|parteria|control prenatal|fecha de parto|trabajo de parto|senales de parto|dar a luz|parto en casa|pujar|parto de nalgas|gemelos|cordon umbilical|cortar el cordon|placenta retenida|hemorragia posparto|desgarro|coser un desgarro|bebe no respira|reanimacion neonatal|lactancia|cuidados despues del parto|preeclampsia|eclampsia|presion alta en el embarazo|aborto espontaneo|embarazo ectopico|senales de peligro en el embarazo|anemia en el embarazo|parto obstruido|infeccion despues del parto|comadrona|kit de parto|latidos del bebe|movimientos del bebe|posicion del bebe|contracciones|romper fuente|se rompio la fuente|dolor de parto|episiotomia|metodo canguro|bebe prematuro|bajo peso al nacer,"Hesperian, A Book for Midwives (2026): pregnancy, birth and newborn care.","Hesperian, A Book for Midwives (2026): embarazo, parto y recién nacido (en inglés)."
en_mpox,medicine,en,yes,mpox|monkeypox|rash|blisters|lesions|pustules|swollen lymph nodes|fever|contact transmission|isolation|vaccine|outbreak|skin sores|incubation period|smallpox vaccine|jynneos|sores in mouth|genital sores|household contact|wash bedding|hand hygiene|clade|skin to skin contact|itching|pain relief|keep sores clean|children and mpox|pregnancy and mpox|healing time|scabs|isolation at home|contact tracing|when to seek care|eye complications|secondary infection|outbreak response|testing|swab|endemic areas|animal transmission|rodents|health workers protection|gloves|mask|cleaning surfaces|stigma|monkeypox vaccine|mpox symptoms|mpox treatment|mpox spread,mpox|viruela del mono|viruela simica|sarpullido|ampollas|lesiones|pustulas|ganglios inflamados|fiebre|contagio por contacto|aislamiento|vacuna|brote|llagas en la piel|periodo de incubacion|vacuna contra la viruela|llagas en la boca|llagas genitales|contacto en el hogar|lavar la ropa de cama|higiene de manos|contacto piel con piel|picazon|alivio del dolor|mantener limpias las llagas|ninos y mpox|embarazo y mpox|tiempo de curacion|costras|aislamiento en casa|rastreo de contactos|cuando buscar atencion|complicaciones en los ojos|infeccion secundaria|respuesta al brote|prueba|hisopo|zonas endemicas|transmision por animales|roedores|proteccion del personal de salud|guantes|mascarilla|limpiar superficies|estigma|vacuna mpox|sintomas de mpox|tratamiento de mpox|como se contagia mpox|mpox en adultos,Hesperian mpox factsheet.,Ficha de Hesperian sobre mpox (en inglés).
en_pcmh_202508_full,medicine,en,yes,mental health|depression|anxiety|trauma|grief|stress|suicide prevention|psychosis|promoting community mental health|ptsd|loss|bereavement|self harm|hearing voices|bipolar|alcohol abuse|drug use|addiction|substance use|domestic violence|violence|disaster trauma|refugees mental health|children's mental health|sleep problems|panic attack|support group|counseling|listening skills|psychological first aid|community support|stigma|mental illness|medicines for mental health|caring for caregivers|burnout|resilience|coping|loneliness|isolation|anger|fear|hopelessness|talking about feelings|mental health first aid|self care|relaxation|breathing exercise|community healing|peer support,salud mental|depresion|ansiedad|trauma|duelo|estres|prevencion del suicidio|psicosis|promocion de la salud mental comunitaria|estres postraumatico|perdida|autolesion|escuchar voces|trastorno bipolar|abuso de alcohol|consumo de drogas|adiccion|violencia domestica|violencia|trauma por desastres|salud mental de refugiados|salud mental infantil|problemas de sueno|ataque de panico|grupo de apoyo|consejeria|escucha activa|primeros auxilios psicologicos|apoyo comunitario|estigma|enfermedad mental|medicamentos para la salud mental|cuidar al cuidador|agotamiento|resiliencia|afrontamiento|soledad|aislamiento|ira|miedo|desesperanza|hablar de los sentimientos|primeros auxilios en salud mental|autocuidado|relajacion|ejercicio de respiracion|sanacion comunitaria|apoyo entre pares|angustia|tristeza,"Hesperian, Promoting Community Mental Health (2025).","Hesperian, Promoting Community Mental Health (2025, en inglés)."
en_wgthas_2015_full,medicine|first-aid|repair,en,yes,workplace safety|occupational|chemical exposure|work injury|protective equipment|factory|noise|workers guide to health and safety|occupational health|workplace accident|toxic chemicals at work|dust|silica|asbestos|hearing protection|ppe|gloves|respirator|mask|ventilation|ergonomics|back pain|repetitive strain|lifting|heat at work|garment factory|electronics factory|fire safety|fire exit|machine guarding|electrical safety|first aid at work|workers rights|union|working hours|stress at work|sexual harassment work|safety committee|agriculture workers|farm workers|pesticide spraying|construction safety|falls from height|scaffolding|mining safety|welding fumes|solvents|chemical labels|safety data sheet|lockout|fatigue,seguridad laboral|salud ocupacional|exposicion quimica|accidente de trabajo|equipo de proteccion|fabrica|guia de salud y seguridad para trabajadores|lesion laboral|exposicion a quimicos|quimicos toxicos en el trabajo|polvo|silice|asbesto|ruido|proteccion auditiva|epp|guantes|respirador|mascarilla|ventilacion|ergonomia|dolor de espalda|lesion por esfuerzo repetitivo|levantar cargas|calor en el trabajo|maquila|incendio|salida de emergencia|seguridad electrica|primeros auxilios en el trabajo|derechos laborales|sindicato|jornada laboral|estres laboral|acoso sexual en el trabajo|comite de seguridad|trabajadores agricolas|jornaleros|fumigacion de pesticidas|seguridad en la construccion|caidas de altura|andamios|seguridad minera|humos de soldadura|solventes|etiquetas de quimicos|hoja de seguridad|fatiga|cansancio en el trabajo|quemaduras quimicas,"Hesperian, Workers' Guide to Health and Safety (2015).","Hesperian, Workers' Guide to Health and Safety (2015, en inglés)."
en_wtnd_2025_full,medicine|first-aid,en,yes,illness|disease|symptom|fever|infection|wound|treatment|medicine|diagnosis|first aid|burn|fracture|diarrhea|dehydration|snake bite|antibiotic|dose|child illness|seizure|fainting|where there is no doctor|village health|home treatment|cough|oral rehydration solution|ors recipe|malnutrition|sick child|newborn|pregnancy|birth|family planning|wound infection|splint|sprain|bleeding|shock|unconscious|poisoning|scorpion sting|rabies|tetanus|worms|parasites|malaria|tuberculosis|pneumonia|asthma|skin problems|scabies|eye problems|ear infection|tooth|urinary infection|sexually transmitted infection|hiv|medicines list|antibiotic dose|injections|how to take temperature|how to examine a sick person|home remedies|nutrition|vitamin a|anemia|high blood pressure|diabetes|first aid kit|health worker,enfermedad|sintoma|fiebre|infeccion|herida|tratamiento|medicina|diagnostico|primeros auxilios|quemadura|fractura|diarrea|deshidratacion|mordedura de serpiente|antibiotico|dosis|donde no hay doctor|salud comunitaria|tratamiento en casa|tos|suero de rehidratacion oral|suero casero|receta del suero oral|desnutricion|enfermedad infantil|nino enfermo|recien nacido|embarazo|parto|planificacion familiar|herida infectada|entablillar|esguince|sangrado|choque|inconsciente|envenenamiento|picadura de alacran|rabia|tetano|lombrices|parasitos|malaria|paludismo|tuberculosis|neumonia|asma|problemas de la piel|sarna|problemas de los ojos|infeccion de oido|diente|infeccion urinaria|infeccion de transmision sexual|vih|lista de medicinas|dosis de antibiotico|inyecciones|tomar la temperatura|examinar a un enfermo|remedios caseros|nutricion|vitamina a|anemia|presion alta|diabetes|botiquin|promotor de salud|convulsion|ataque|desmayo,"Hesperian, Where There Is No Doctor (2025): the village health care handbook.","Hesperian, Where There Is No Doctor (2025): el manual de salud comunitaria (en inglés)."
en_wwhnd_2024_full,medicine,en,yes,women's health|pregnancy|menstruation|period|family planning|contraception|breast|menopause|sexual health|where women have no doctor|painful periods|irregular periods|birth control pills|condom|iud|abortion complications|infertility|vaginal discharge|vaginal infection|yeast infection|urinary infection|sexually transmitted infection|breast exam|breast lump|cervical cancer|pap test|violence against women|mental health women|aging women|older women|girls puberty|nutrition for women|anemia|fistula|pelvic pain|prolapse|hiv women|work and health|breast cancer|ovarian cyst|fibroids|heavy bleeding|bleeding between periods|anemia from periods|pregnancy problems|postpartum depression|older women health|osteoporosis|disability and women|refugee women|cervical screening|hpv,salud de la mujer|embarazo|menstruacion|regla|planificacion familiar|anticonceptivo|seno|menopausia|salud sexual|donde no hay doctor para mujeres|periodo|colicos menstruales|regla irregular|anticonceptivos|pastillas anticonceptivas|condon|dispositivo intrauterino|complicaciones de aborto|infertilidad|flujo vaginal|infeccion vaginal|hongos vaginales|infeccion urinaria|infeccion de transmision sexual|examen de senos|bulto en el seno|cancer de cuello uterino|papanicolaou|violencia contra la mujer|salud mental de la mujer|mujeres mayores|pubertad en ninas|nutricion para mujeres|anemia|fistula|dolor pelvico|prolapso|vih en mujeres|cancer de mama|quiste de ovario|miomas|sangrado abundante|sangrado entre reglas|anemia por la regla|problemas del embarazo|depresion posparto|osteoporosis|mujeres con discapacidad|mujeres refugiadas|salud reproductiva|tamizaje de cuello uterino|vph,"Hesperian, Where Women Have No Doctor (2024).","Hesperian, Where Women Have No Doctor (2024, en inglés)."
en_zika_fact_sheet,medicine,en,yes,zika|mosquito|microcephaly|zika virus|aedes|mosquito bite|mosquito net|repellent|pregnancy and zika|birth defects|fever|rash|joint pain|red eyes|standing water|dengue|chikungunya|guillain barre|sexual transmission|condoms and zika|travel advice|eliminate breeding sites|water containers|tires and water|window screens|long sleeves|baby head size|ultrasound|congenital zika|daytime biting mosquito|fumigation|community cleanup|incubation|mild illness|rest and fluids|no aspirin|paracetamol|testing for zika|outbreak|yellow fever|vector control|larvae|zika symptoms|zika prevention|zika and babies|mosquito control|aedes aegypti|zika test|travel to zika area|zika outbreak,zika|mosquito|zancudo|microcefalia|virus del zika|aedes|picadura de mosquito|toldillo|mosquitero|repelente|embarazo y zika|defectos de nacimiento|fiebre|sarpullido|dolor de articulaciones|ojos rojos|agua estancada|criaderos|dengue|chikungunya|guillain barre|transmision sexual|condones y zika|consejos de viaje|eliminar criaderos|recipientes con agua|llantas con agua|mallas en ventanas|manga larga|tamano de la cabeza del bebe|ecografia|zika congenito|mosquito que pica de dia|fumigacion|minga de limpieza|limpieza comunitaria|incubacion|enfermedad leve|reposo y liquidos|no tomar aspirina|acetaminofen|paracetamol|prueba de zika|brote|fiebre amarilla|control de vectores|larvas|sintomas del zika|prevencion del zika|zika y bebes|control de mosquitos|aedes aegypti,Hesperian Zika factsheet.,Ficha de Hesperian sobre el zika (en inglés).
es_cholera_factsheet_2016,medicine|water,es,yes,cholera|diarrhea|diarrhoea|dehydration|oral rehydration|ors|acute watery diarrhea|rice water stool|rehydration salts|zinc|cholera outbreak|cholera vaccine|vibrio cholerae|contaminated water|safe water|handwashing|latrine|food hygiene|cholera treatment|cholera symptoms|how cholera spreads|cholera prevention|treatment center|acute diarrhea|sudden watery diarrhea|leg cramps|sunken eyes|thirst|rapid dehydration|breastfeeding during diarrhea|keep drinking|homemade rehydration drink|sugar and salt solution|chlorinate water|wash hands with soap|cook food well|bury feces|epidemic|community health worker|seek care|antibiotics for cholera|refugee camp outbreak|flood and cholera|rehydration at home|cholera kit|signs of severe dehydration|cholera in children|bleach solution|soap and water|safe food|wash fruits|fever and cholera,colera|diarrea|deshidratacion|suero oral|rehidratacion oral|diarrea acuosa|heces como agua de arroz|sales de rehidratacion|zinc|brote de colera|vacuna contra el colera|agua contaminada|agua segura|lavado de manos|letrina|higiene de alimentos|tratamiento del colera|sintomas del colera|como se transmite el colera|prevencion del colera|diarrea aguda|diarrea repentina|calambres|ojos hundidos|sed|deshidratacion rapida|lactancia durante la diarrea|seguir tomando liquidos|suero casero|solucion de azucar y sal|clorar el agua|lavarse las manos con jabon|cocinar bien los alimentos|enterrar las heces|epidemia|promotor de salud|buscar atencion|antibioticos para el colera|brote en campamento|inundacion y colera|rehidratacion en casa|senales de deshidratacion grave|colera en ninos|solucion de cloro|agua y jabon|alimentos seguros|lavar frutas|agua hervida|mantener la lactancia|cuando ir al hospital,"Hesperian cholera factsheet, in Spanish (2016).",Ficha de Hesperian sobre el cólera (2016).
es_coronavirus,medicine,es,yes,covid|coronavirus|mask|isolation|quarantine|covid 19|sars cov 2|face mask|social distancing|fever|cough|loss of smell|shortness of breath|oxygen|testing|vaccine|handwashing|ventilation|caring for someone sick at home|long covid|pandemic|sore throat|fatigue|body aches|breathing difficulty|danger signs|oxygen level|pulse oximeter|elderly|high risk|cleaning surfaces|disinfectant|contact tracing|incubation period|asymptomatic|spread through air|droplets|gatherings|hand sanitizer|caring for patient|covid symptoms|covid treatment|covid at home|isolation period|coughing etiquette|covid in children|covid and pregnancy|ventilator|hospital care|immune|booster,covid|coronavirus|mascarilla|tapabocas|aislamiento|cuarentena|covid 19|distanciamiento social|fiebre|tos|perdida del olfato|falta de aire|oxigeno|prueba|vacuna|lavado de manos|ventilacion|cuidar a un enfermo en casa|pandemia|dolor de garganta|cansancio|dolor de cuerpo|dificultad para respirar|senales de peligro|nivel de oxigeno|oximetro|adultos mayores|alto riesgo|limpiar superficies|desinfectante|rastreo de contactos|periodo de incubacion|asintomatico|contagio por el aire|gotas|reuniones|gel antibacterial|alcohol en gel|cuidar al paciente|sintomas de covid|tratamiento del covid|covid en casa|tiempo de aislamiento|cubrirse al toser|covid en ninos|covid y embarazo|respirador|hospital|refuerzo|inmunidad,"Hesperian COVID-19 factsheet, in Spanish.",Ficha de Hesperian sobre el coronavirus.
es_dent_2005_full,medicine,es,yes,tooth|teeth|toothache|dental|dentist|gum|cavity|tooth extraction|abscess|where there is no dentist|dental pain|gums|bleeding gums|gum disease|tooth decay|caries|pull a tooth|tooth infection|swollen face|broken tooth|knocked out tooth|filling|temporary filling|brushing teeth|toothbrush|fluoride|dental hygiene|baby teeth|teething|wisdom tooth|jaw pain|mouth sores|mouth ulcer|bad breath|dentures|local anesthetic|dental instruments|scaling|oral health|sugar and teeth|dental emergency|swollen gum|pus|sensitive teeth|cracked tooth|root canal|dental x ray|tooth pain at night|children teeth|school dental program|dental chair|sterilizing dental tools|dental floss,diente|dientes|dolor de muelas|muela|dental|dentista|encia|caries|extraccion dental|absceso|donde no hay dentista|dolor dental|odontologo|encias|encias sangrantes|enfermedad de las encias|picadura de diente|sacar una muela|infeccion dental|cara hinchada|diente roto|diente caido|empaste|calza|cepillado|cepillo de dientes|fluor|higiene dental|dientes de leche|denticion|muela del juicio|dolor de mandibula|llagas en la boca|aftas|mal aliento|dentadura postiza|anestesia local|salud bucal|azucar y dientes|emergencia dental|encia hinchada|pus|dientes sensibles|diente rajado|tratamiento de conducto|radiografia dental|dolor de muela en la noche|dientes de ninos|programa dental escolar|esterilizar instrumentos dentales|hilo dental,"Hesperian, Donde No Hay Dentista (2005), in Spanish. The English edition is newer.","Hesperian, Donde No Hay Dentista (2005). La edición en inglés es más reciente."
es_hcwb_2002_full,medicine|education,es,yes,blind child|blindness|vision|visual impairment|cannot see|helping children who are blind|low vision|vision loss|eye problems child|early stimulation|development of blind child|mobility|walking with cane|braille|daily living skills|play for blind children|school for blind|parents of blind child|cataract child|vitamin a deficiency|eye infection|trachoma|orientation|partial sight|glasses|eye exam|squint|crossed eyes|eye injury child|cerebral visual impairment|sensory play|touch|hearing skills|listening games|independence|feeding skills|dressing skills|toilet training|social skills|inclusive education|community rehabilitation|assistive devices|white cane|guide|reading by touch|disability rights|early intervention|eye drops|blind baby|vision screening,nino ciego|ceguera|vision|discapacidad visual|ayudar a los ninos ciegos|ninos ciegos|baja vision|perdida de vision|no ve|problemas de los ojos en ninos|estimulacion temprana|desarrollo del nino ciego|movilidad|baston|braille|actividades de la vida diaria|juegos para ninos ciegos|escuela para ciegos|padres de nino ciego|catarata infantil|falta de vitamina a|infeccion de los ojos|tracoma|orientacion|vision parcial|lentes|anteojos|examen de la vista|estrabismo|ojos bizcos|lesion en el ojo del nino|juego sensorial|tacto|habilidades auditivas|juegos para escuchar|independencia|habilidades para comer|vestirse|control de esfinteres|habilidades sociales|educacion inclusiva|rehabilitacion basada en la comunidad|ayudas tecnicas|baston blanco|lectura con el tacto|derechos de las personas con discapacidad|intervencion temprana|gotas para los ojos|bebe ciego|evaluacion de la vista,"Hesperian, Ayudar a los Niños Ciegos (2002), in Spanish.","Hesperian, Ayudar a los Niños Ciegos (2002)."
es_hcwd_2008_full,medicine|education,es,yes,deaf child|deafness|hearing loss|sign language|cannot hear|helping children who are deaf|hard of hearing|hearing test|learning sign language|lip reading|communication with deaf child|ear infection|ear discharge|hearing aid|speech development|language development|deaf school|parents of deaf child|deaf community|inclusion|partial hearing|deaf from birth|meningitis deafness|loud noise damage|wax in ear|ear care|baby hearing|responding to sounds|gestures|home signs|family communication|deaf adults as teachers|reading and writing deaf|inclusive school|interpreter|deaf rights|cochlear implant|speech therapy|vibration|visual communication|signing games|early intervention|community rehabilitation|deaf blind|ear drops|perforated eardrum|tinnitus|deaf baby|hearing screening|ear infection child,nino sordo|sordera|perdida auditiva|lengua de senas|ayudar a los ninos sordos|ninos sordos|hipoacusia|no oye|examen de audicion|aprender lengua de senas|lectura de labios|comunicacion con nino sordo|infeccion de oido|supuracion del oido|audifono|desarrollo del habla|desarrollo del lenguaje|escuela para sordos|padres de nino sordo|comunidad sorda|inclusion|audicion parcial|sordo de nacimiento|sordera por meningitis|dano por ruido|cerilla en el oido|cuidado de los oidos|audicion del bebe|responde a sonidos|gestos|senas caseras|comunicacion en familia|adultos sordos como maestros|lectura y escritura para sordos|escuela inclusiva|interprete|derechos de las personas sordas|implante coclear|terapia del habla|vibracion|comunicacion visual|juegos de senas|intervencion temprana|rehabilitacion comunitaria|sordoceguera|gotas para el oido|timpano perforado|zumbido de oidos|bebe sordo|tamizaje auditivo|evaluacion auditiva,"Hesperian, Ayudar a los Niños Sordos (2008), in Spanish.","Hesperian, Ayudar a los Niños Sordos (2008)."
es_hhwl_2010_full,medicine|education,es,yes,health worker|teaching health|health education|training|community health|helping health workers learn|health worker training|community health worker|participatory learning|training methods|teaching aids|role play|flip chart|adult education|learning by doing|health promotion|community diagnosis|village meeting|curriculum for health workers|supervision|problem based learning|teaching with pictures|storytelling for health|leadership|community organizing|how to teach adults|lesson planning|evaluation|learning games|puppets|drawings for teaching|low literacy|teaching about diarrhea|teaching about nutrition|practice with patients|apprenticeship|peer learning|discussion groups|questions that make people think|popular education|paulo freire|health committee|village health worker|course planning|training curriculum|teaching materials homemade|role of the teacher|respect|listening|teaching health workers,promotor de salud|educacion en salud|capacitacion|salud comunitaria|aprendiendo a promover la salud|capacitacion de promotores|agente comunitario de salud|ensenar salud|educacion para la salud|aprendizaje participativo|metodos de ensenanza|materiales didacticos|sociodrama|rotafolio|educacion de adultos|aprender haciendo|promocion de la salud|diagnostico comunitario|reunion comunitaria|supervision|ensenar con dibujos|cuentos para la salud|liderazgo|organizacion comunitaria|como ensenar a adultos|planificar clases|evaluacion|juegos de aprendizaje|titeres|dibujos para ensenar|baja alfabetizacion|ensenar sobre diarrea|ensenar sobre nutricion|practica con pacientes|aprendizaje entre pares|grupos de discusion|preguntas que hacen pensar|educacion popular|paulo freire|comite de salud|promotor de salud rural|planificar un curso|curriculo de capacitacion|materiales caseros|papel del maestro|respeto|escuchar|ensenar a promotores|capacitar promotores|talleres de salud,"Hesperian, Aprendiendo a Promover la Salud (2010), in Spanish.","Hesperian, Aprendiendo a Promover la Salud (2010)."
es_midw_2016_full,medicine|first-aid,es,yes,pregnancy|pregnant|childbirth|birth|labor|labour|delivery|newborn|midwife|bleeding after birth|placenta|a book for midwives|midwifery|prenatal care|antenatal check|due date|signs of labor|giving birth|home birth|pushing|breech birth|twins|umbilical cord|cutting the cord|retained placenta|postpartum hemorrhage|tear|stitching a tear|baby not breathing|newborn resuscitation|breastfeeding|postpartum care|pre eclampsia|eclampsia|high blood pressure in pregnancy|miscarriage|ectopic pregnancy|danger signs in pregnancy|anemia in pregnancy|obstructed labor|infection after birth|family planning after birth|traditional birth attendant|birth kit|fetal heartbeat|baby movement|position of the baby|contractions|water breaking|labor pain|episiotomy|kangaroo care,embarazo|embarazada|parto|nacimiento|recien nacido|partera|sangrado despues del parto|placenta|un libro para parteras|parteria|control prenatal|fecha de parto|trabajo de parto|senales de parto|dar a luz|parto en casa|pujar|parto de nalgas|gemelos|cordon umbilical|cortar el cordon|placenta retenida|hemorragia posparto|desgarro|coser un desgarro|bebe no respira|reanimacion neonatal|lactancia|cuidados despues del parto|preeclampsia|eclampsia|presion alta en el embarazo|aborto espontaneo|embarazo ectopico|senales de peligro en el embarazo|anemia en el embarazo|parto obstruido|infeccion despues del parto|comadrona|kit de parto|latidos del bebe|movimientos del bebe|posicion del bebe|contracciones|romper fuente|se rompio la fuente|dolor de parto|episiotomia|metodo canguro|bebe prematuro|bajo peso al nacer,"Hesperian, Un Libro Para Parteras (2016), in Spanish.","Hesperian, Un Libro Para Parteras (2016)."
es_monkeypox,medicine,es,yes,mpox|monkeypox|rash|blisters|lesions|pustules|swollen lymph nodes|fever|contact transmission|isolation|vaccine|outbreak|skin sores|incubation period|smallpox vaccine|jynneos|sores in mouth|genital sores|household contact|wash bedding|hand hygiene|clade|skin to skin contact|itching|pain relief|keep sores clean|children and mpox|pregnancy and mpox|healing time|scabs|isolation at home|contact tracing|when to seek care|eye complications|secondary infection|outbreak response|testing|swab|endemic areas|animal transmission|rodents|health workers protection|gloves|mask|cleaning surfaces|stigma|monkeypox vaccine|mpox symptoms|mpox treatment|mpox spread,mpox|viruela del mono|viruela simica|sarpullido|ampollas|lesiones|pustulas|ganglios inflamados|fiebre|contagio por contacto|aislamiento|vacuna|brote|llagas en la piel|periodo de incubacion|vacuna contra la viruela|llagas en la boca|llagas genitales|contacto en el hogar|lavar la ropa de cama|higiene de manos|contacto piel con piel|picazon|alivio del dolor|mantener limpias las llagas|ninos y mpox|embarazo y mpox|tiempo de curacion|costras|aislamiento en casa|rastreo de contactos|cuando buscar atencion|complicaciones en los ojos|infeccion secundaria|respuesta al brote|prueba|hisopo|zonas endemicas|transmision por animales|roedores|proteccion del personal de salud|guantes|mascarilla|limpiar superficies|estigma|vacuna mpox|sintomas de mpox|tratamiento de mpox|como se contagia mpox|mpox en adultos,"Hesperian mpox factsheet, in Spanish.",Ficha de Hesperian sobre mpox.
es_wtnd_2017_full,medicine|first-aid,es,yes,illness|disease|symptom|fever|infection|wound|treatment|medicine|diagnosis|first aid|burn|fracture|diarrhea|dehydration|snake bite|antibiotic|dose|child illness|seizure|fainting|where there is no doctor|village health|home treatment|cough|oral rehydration solution|ors recipe|malnutrition|sick child|newborn|pregnancy|birth|family planning|wound infection|splint|sprain|bleeding|shock|unconscious|poisoning|scorpion sting|rabies|tetanus|worms|parasites|malaria|tuberculosis|pneumonia|asthma|skin problems|scabies|eye problems|ear infection|tooth|urinary infection|sexually transmitted infection|hiv|medicines list|antibiotic dose|injections|how to take temperature|how to examine a sick person|home remedies|nutrition|vitamin a|anemia|high blood pressure|diabetes|first aid kit|health worker,enfermedad|sintoma|fiebre|infeccion|herida|tratamiento|medicina|diagnostico|primeros auxilios|quemadura|fractura|diarrea|deshidratacion|mordedura de serpiente|antibiotico|dosis|donde no hay doctor|salud comunitaria|tratamiento en casa|tos|suero de rehidratacion oral|suero casero|receta del suero oral|desnutricion|enfermedad infantil|nino enfermo|recien nacido|embarazo|parto|planificacion familiar|herida infectada|entablillar|esguince|sangrado|choque|inconsciente|envenenamiento|picadura de alacran|rabia|tetano|lombrices|parasitos|malaria|paludismo|tuberculosis|neumonia|asma|problemas de la piel|sarna|problemas de los ojos|infeccion de oido|diente|infeccion urinaria|infeccion de transmision sexual|vih|lista de medicinas|dosis de antibiotico|inyecciones|tomar la temperatura|examinar a un enfermo|remedios caseros|nutricion|vitamina a|anemia|presion alta|diabetes|botiquin|promotor de salud|convulsion|ataque|desmayo,"Hesperian, Donde No Hay Doctor (2017), in Spanish: the village health care handbook.","Hesperian, Donde No Hay Doctor (2017): el manual de salud comunitaria."
es_wwhnd_2024_full,medicine,es,yes,women's health|pregnancy|menstruation|period|family planning|contraception|breast|menopause|sexual health|where women have no doctor|painful periods|irregular periods|birth control pills|condom|iud|abortion complications|infertility|vaginal discharge|vaginal infection|yeast infection|urinary infection|sexually transmitted infection|breast exam|breast lump|cervical cancer|pap test|violence against women|mental health women|aging women|older women|girls puberty|nutrition for women|anemia|fistula|pelvic pain|prolapse|hiv women|work and health|breast cancer|ovarian cyst|fibroids|heavy bleeding|bleeding between periods|anemia from periods|pregnancy problems|postpartum depression|older women health|osteoporosis|disability and women|refugee women|cervical screening|hpv,salud de la mujer|embarazo|menstruacion|regla|planificacion familiar|anticonceptivo|seno|menopausia|salud sexual|donde no hay doctor para mujeres|periodo|colicos menstruales|regla irregular|anticonceptivos|pastillas anticonceptivas|condon|dispositivo intrauterino|complicaciones de aborto|infertilidad|flujo vaginal|infeccion vaginal|hongos vaginales|infeccion urinaria|infeccion de transmision sexual|examen de senos|bulto en el seno|cancer de cuello uterino|papanicolaou|violencia contra la mujer|salud mental de la mujer|mujeres mayores|pubertad en ninas|nutricion para mujeres|anemia|fistula|dolor pelvico|prolapso|vih en mujeres|cancer de mama|quiste de ovario|miomas|sangrado abundante|sangrado entre reglas|anemia por la regla|problemas del embarazo|depresion posparto|osteoporosis|mujeres con discapacidad|mujeres refugiadas|salud reproductiva|tamizaje de cuello uterino|vph,"Hesperian, Donde No Hay Doctor Para Mujeres (2024), in Spanish.","Hesperian, Donde No Hay Doctor Para Mujeres (2024)."
es_zika_fact_sheet,medicine,es,yes,zika|mosquito|microcephaly|zika virus|aedes|mosquito bite|mosquito net|repellent|pregnancy and zika|birth defects|fever|rash|joint pain|red eyes|standing water|dengue|chikungunya|guillain barre|sexual transmission|condoms and zika|travel advice|eliminate breeding sites|water containers|tires and water|window screens|long sleeves|baby head size|ultrasound|congenital zika|daytime biting mosquito|fumigation|community cleanup|incubation|mild illness|rest and fluids|no aspirin|paracetamol|testing for zika|outbreak|yellow fever|vector control|larvae|zika symptoms|zika prevention|zika and babies|mosquito control|aedes aegypti|zika test|travel to zika area|zika outbreak,zika|mosquito|zancudo|microcefalia|virus del zika|aedes|picadura de mosquito|toldillo|mosquitero|repelente|embarazo y zika|defectos de nacimiento|fiebre|sarpullido|dolor de articulaciones|ojos rojos|agua estancada|criaderos|dengue|chikungunya|guillain barre|transmision sexual|condones y zika|consejos de viaje|eliminar criaderos|recipientes con agua|llantas con agua|mallas en ventanas|manga larga|tamano de la cabeza del bebe|ecografia|zika congenito|mosquito que pica de dia|fumigacion|minga de limpieza|limpieza comunitaria|incubacion|enfermedad leve|reposo y liquidos|no tomar aspirina|acetaminofen|paracetamol|prueba de zika|brote|fiebre amarilla|control de vectores|larvas|sintomas del zika|prevencion del zika|zika y bebes|control de mosquitos|aedes aegypti,"Hesperian Zika factsheet, in Spanish.",Ficha de Hesperian sobre el zika.
homebrew.stackexchange.com_en_all_2026-08,food,en,yes,homebrew|brewing|beer|wine making|mead|yeast|fermentation|cider|homebrewing|ale|lager|ipa|stout|wort|mash|all grain|extract brewing|malt|hops|fermenter|airlock|sanitizing|sanitizer|specific gravity|hydrometer|alcohol content|abv|bottling|priming sugar|carbonation|kegging|off flavors|infection|winemaking|fruit wine|grape|honey wine|apple cider|kombucha|kefir|distilling|still|sugar wash|yeast nutrient|temperature control|stuck fermentation|racking|siphon|aging|clarifying,cerveza artesanal|elaborar cerveza|vino casero|hidromiel|levadura|fermentacion|sidra|cerveza casera|mosto|macerado|malta|lupulo|fermentador|airlock|sanitizar|desinfectante|densidad|densimetro|contenido de alcohol|grado alcoholico|embotellar|carbonatacion|sabores extranos|contaminacion|hacer vino|vino de frutas|uvas|kombucha|kefir|destilar|alambique|nutrientes para levadura|control de temperatura|fermentacion detenida|trasiego|sifon|envejecimiento|clarificar|cerveza de trigo|cerveza negra|lager|ale|grano|extracto de malta|olla|enfriar el mosto|cebada|azucar para cebar|barril|vino de uva,"Homebrewing questions and answers: beer, wine, cider, fermentation.","Preguntas y respuestas de elaboración casera: cerveza, vino, sidra, fermentación."
ifixit_en_all_2025-12,repair|electronics,en,yes,repair|fix|broken|replace|screen|phone|laptop|appliance|disassembly|teardown|battery replacement|washing machine|not working|won't turn on|replacement part|screen replacement|cracked screen|smartphone|iphone|android phone|tablet|computer|desktop|keyboard|charging port|swollen battery|speaker|headphones|game console|controller|camera|dryer|refrigerator|fridge|microwave|oven|stove|dishwasher|vacuum cleaner|coffee maker|blender|fan|air conditioner|printer|tv|television|screwdriver|pry tool|troubleshooting|water damage|bike repair|zipper|shoe repair|clothing repair|sewing machine|lawn mower|chainsaw|toy repair,reparar|arreglar|roto|reemplazar|pantalla|telefono|celular|portatil|electrodomestico|desarmar|cambiar bateria|lavadora|reparacion|no funciona|no enciende|repuesto|cambiar pantalla|pantalla rota|telefono movil|tableta|computadora|ordenador|teclado|puerto de carga|bateria hinchada|parlante|altavoz|audifonos|consola|control|camara|secadora|nevera|refrigerador|microondas|horno|estufa|lavavajillas|aspiradora|cafetera|licuadora|ventilador|aire acondicionado|impresora|televisor|destornillador|diagnostico|dano por agua|reparar bicicleta|cremallera|reparar zapatos|maquina de coser|cortacesped|motosierra,"iFixit repair guides: step-by-step fixes for phones, computers, appliances and more.","Guías de reparación de iFixit: arreglos paso a paso para teléfonos, computadoras, electrodomésticos y más."
ifixit_es_all_2026-03,repair|electronics,es,yes,repair|fix|broken|replace|screen|phone|laptop|appliance|not working|won't turn on|replacement part|screen replacement|cracked screen|smartphone|iphone|android phone|tablet|computer|desktop|keyboard|charging port|battery replacement|swollen battery|speaker|headphones|game console|controller|camera|washing machine|dryer|refrigerator|fridge|microwave|oven|stove|dishwasher|vacuum cleaner|coffee maker|blender|fan|air conditioner|printer|tv|television|disassembly|teardown|screwdriver|pry tool|troubleshooting|water damage|bike repair|zipper|shoe repair|clothing repair|sewing machine|lawn mower|chainsaw|toy repair,reparar|arreglar|roto|reemplazar|pantalla|telefono|celular|portatil|electrodomestico|desarmar|cambiar bateria|lavadora|reparacion|no funciona|no enciende|repuesto|cambiar pantalla|pantalla rota|telefono movil|tableta|computadora|ordenador|teclado|puerto de carga|bateria hinchada|parlante|altavoz|audifonos|consola|control|camara|secadora|nevera|refrigerador|microondas|horno|estufa|lavavajillas|aspiradora|cafetera|licuadora|ventilador|aire acondicionado|impresora|televisor|destornillador|diagnostico|dano por agua|reparar bicicleta|cremallera|reparar zapatos|maquina de coser|cortacesped|motosierra,iFixit repair guides in Spanish.,Guías de reparación de iFixit en español.
khanacademy_en_all_2023-03,education|math|science,en,yes,lesson|course|video lesson|learn|homework|exercise|grade school|high school|online class|learning|study|homework help|practice exercise|quiz|test prep|elementary school|middle school|kindergarten|arithmetic|addition|subtraction|multiplication|division|fractions|algebra|geometry|trigonometry|calculus|statistics|biology|chemistry|physics|computer programming|economics|finance|history|art history|grammar|reading comprehension|sat|explain like a teacher|step by step explanation|science lesson|math lesson|tutor|self study|curriculum|teach my child|homeschool|cosmology|health and medicine,leccion|curso|video|aprender|tarea|ejercicio|primaria|secundaria|bachillerato|video educativo|clase|aprendizaje|estudiar|ayuda con tareas|cuestionario|examen|escuela primaria|preescolar|aritmetica|suma|resta|multiplicacion|division|fracciones|algebra|geometria|trigonometria|calculo|estadistica|biologia|quimica|fisica|programacion|economia|finanzas|historia|historia del arte|gramatica|comprension lectora|explicacion paso a paso|leccion de ciencias|leccion de matematicas|tutor|autodidacta|curriculo|ensenar a mi hijo|educacion en casa|salud y medicina|clases gratis|aprender gratis,Khan Academy courses in English: video lessons and exercises.,Cursos de Khan Academy en inglés: videos y ejercicios.
khanacademy_es_all_2023-03,education|math|science,es,yes,lesson|course|video lesson|learn|homework|exercise|online class|learning|study|homework help|practice exercise|quiz|test prep|grade school|elementary school|middle school|high school|kindergarten|arithmetic|addition|subtraction|multiplication|division|fractions|algebra|geometry|trigonometry|calculus|statistics|biology|chemistry|physics|computer programming|economics|finance|history|art history|grammar|reading comprehension|sat|explain like a teacher|step by step explanation|science lesson|math lesson|tutor|self study|curriculum|teach my child|homeschool|cosmology|health and medicine,leccion|curso|video|aprender|tarea|ejercicio|primaria|secundaria|bachillerato|video educativo|clase|aprendizaje|estudiar|ayuda con tareas|cuestionario|examen|escuela primaria|preescolar|aritmetica|suma|resta|multiplicacion|division|fracciones|algebra|geometria|trigonometria|calculo|estadistica|biologia|quimica|fisica|programacion|economia|finanzas|historia|historia del arte|gramatica|comprension lectora|explicacion paso a paso|leccion de ciencias|leccion de matematicas|tutor|autodidacta|curriculo|ensenar a mi hijo|educacion en casa|salud y medicina|clases gratis|aprender gratis,Khan Academy courses in Spanish: video lessons and exercises.,Cursos de Khan Academy en español: videos y ejercicios.
librepathology_en_all_maxi_2026-06,medicine,en,yes,pathology|biopsy|histology|tumor|tumour|cancer|microscope|lesion|pathologist|histopathology|cytology|tissue|carcinoma|sarcoma|lymphoma|leukemia|benign|malignant|metastasis|cyst|polyp|inflammation|granuloma|necrosis|slide|staining|immunohistochemistry|grading|staging|autopsy|frozen section|pap smear|lymph node|skin lesion|mole|breast lump|colon|prostate|thyroid nodule|liver biopsy|kidney biopsy|bone marrow|differential diagnosis|cell morphology|dysplasia|neoplasm|infection histology|parasite tissue|pathology report|surgical pathology,patologia|biopsia|histologia|tumor|cancer|microscopio|lesion|patologo|histopatologia|citologia|tejido|carcinoma|sarcoma|linfoma|leucemia|benigno|maligno|metastasis|quiste|polipo|inflamacion|granuloma|necrosis|lamina|tincion|inmunohistoquimica|estadificacion|autopsia|citologia vaginal|ganglio linfatico|lunar|bulto en el seno|colon|prostata|nodulo tiroideo|medula osea|diagnostico diferencial|displasia|neoplasia|frotis|celulas|tumor benigno|tumor maligno|grado del tumor|cancer de colon|cancer de prostata|cancer de piel|infeccion en tejido|congelacion intraoperatoria|morfologia celular,Libre Pathology: a diagnostic pathology reference.,Libre Pathology: referencia de patología diagnóstica (en inglés).
mdwiki_en_all_maxi_2025-11,medicine,en,yes,illness|disease|symptom|medication|drug|dose|side effect|diagnosis|treatment|infection|symptoms|fever|cough|headache|pain|wound|medicine|dosage|antibiotic|vaccine|allergy|asthma|diabetes|blood pressure|hypertension|heart disease|stroke|cancer|tuberculosis|malaria|dengue|cholera|typhoid|hepatitis|hiv|pneumonia|diarrhea|vomiting|dehydration|anemia|malnutrition|pregnancy|child health|skin rash|kidney|liver|stomach ache|ulcer|arthritis|epilepsy|thyroid|anatomy|physiology|surgery|blood test|parasite|worms,enfermedad|sintoma|medicamento|farmaco|dosis|efecto secundario|diagnostico|tratamiento|infeccion|sintomas|fiebre|tos|dolor de cabeza|dolor|herida|medicina|antibiotico|vacuna|alergia|asma|diabetes|presion arterial|hipertension|enfermedad del corazon|derrame cerebral|cancer|tuberculosis|malaria|paludismo|dengue|colera|tifoidea|hepatitis|vih|neumonia|diarrea|vomito|deshidratacion|anemia|desnutricion|embarazo|salud infantil|sarpullido|rinon|higado|dolor de estomago|ulcera|artritis|epilepsia|tiroides|anatomia|fisiologia|cirugia|examen de sangre|parasito|lombrices,MDWiki: medical encyclopedia curated by WikiProjectMed.,MDWiki: enciclopedia médica curada por WikiProjectMed (en inglés).
openstax-nursing,medicine|first-aid,en,yes,nursing|nurse|pharmacology|medication|dose|patient care|clinical skills|maternal|newborn|nutrition|psychiatric|nursing care|vital signs|blood pressure measurement|pulse|temperature|respiratory rate|oxygen saturation|injection|intramuscular injection|iv line|catheter|wound dressing|pressure ulcer|bed bath|patient positioning|infection control|hand hygiene|sterile technique|medication administration|dosage calculation|drug interactions|pain management|fluids|electrolytes|maternal newborn|labor and delivery|postpartum|breastfeeding|newborn care|pediatric nursing|medical surgical|post operative care|diabetes care|heart failure|copd|mental health nursing|diet|population health|community health|patient education|care plan|documentation|fundamentals of nursing,enfermeria|enfermera|farmacologia|medicamento|dosis|cuidado del paciente|habilidades clinicas|materno|recien nacido|nutricion|cuidados de enfermeria|signos vitales|tomar la presion|pulso|temperatura|frecuencia respiratoria|saturacion de oxigeno|inyeccion|inyeccion intramuscular|via intravenosa|sonda|cateter|curacion de heridas|ulcera por presion|bano en cama|posicion del paciente|control de infecciones|higiene de manos|tecnica esteril|administracion de medicamentos|calculo de dosis|interacciones|manejo del dolor|liquidos|electrolitos|parto|posparto|lactancia|cuidado del recien nacido|enfermeria pediatrica|cuidados postoperatorios|cuidado de la diabetes|insuficiencia cardiaca|salud mental|psiquiatria|dieta|salud comunitaria|educacion al paciente|plan de cuidados|enfermeria basica,"OpenStax nursing textbooks (PDF): clinical skills, pharmacology, maternal and newborn care.","Libros de enfermería de OpenStax (PDF): habilidades clínicas, farmacología, cuidado materno y neonatal (en inglés)."
outdoors.stackexchange.com_en_all_2026-08,outdoors|first-aid,en,yes,camping|hiking|backpacking|tent|fire starting|navigation|compass|wilderness|survival|shelter|hypothermia|outdoors|trekking|sleeping bag|sleeping pad|backpack|hiking boots|trail|map reading|gps|getting lost|bushcraft|ferro rod|firewood|water filter outdoors|purify stream water|food storage bear|bear safety|wild animals|snakes|ticks|insect repellent|heat exhaustion|altitude sickness|frostbite|rain gear|layering clothes|winter camping|climbing|rope|knots|kayaking|canoeing|fishing|foraging|edible plants|wild mushrooms|leave no trace|emergency signal|whistle|headlamp,acampar|senderismo|mochilero|carpa|tienda de campana|encender fuego|orientacion|brujula|supervivencia|refugio|hipotermia|aire libre|excursionismo|saco de dormir|colchoneta|mochila|botas de montana|sendero|navegacion|leer un mapa|gps|perderse|naturaleza salvaje|lena|filtrar agua de rio|purificar agua de quebrada|animales salvajes|serpientes|garrapatas|repelente de insectos|agotamiento por calor|mal de altura|soroche|congelacion|ropa para lluvia|ropa por capas|escalada|cuerda|nudos|kayak|canoa|pesca|recoleccion|plantas comestibles|hongos silvestres|no dejar rastro|senal de emergencia|silbato|linterna frontal|caminata,"The Great Outdoors questions and answers: camping, hiking, navigation, wilderness skills.","Preguntas y respuestas de actividades al aire libre: acampar, senderismo, orientación, supervivencia."
restarters_en_all_maxi_2026-04,repair|electronics,en,yes,repair|fix|broken|appliance|electronics repair|diagnose|disassembly|repair cafe|restart project|community repair|appliance repair|laptop repair|phone repair|kettle|toaster|lamp|hair dryer|vacuum cleaner|radio|speaker|headphones|power supply|charger|cable|plug|fuse|on off switch|motor|heating element|battery|diagnose fault|troubleshoot|safety when repairing|multimeter|soldering|replacement part|spare parts|right to repair|planned obsolescence|e waste|reuse|extend product life|repair guide|common faults|no power|intermittent fault|loose connection|repair tips|fixing electronics|broken appliance,reparar|arreglar|roto|electrodomestico|reparacion electronica|diagnosticar|desarmar|cafe de reparacion|reparacion comunitaria|reparacion de electronica|reparacion de electrodomesticos|reparar portatil|reparar telefono|hervidor|tostadora|lampara|secador de pelo|aspiradora|radio|parlante|audifonos|fuente de poder|cargador|cable|enchufe|fusible|interruptor|motor|resistencia calefactora|bateria|diagnosticar falla|seguridad al reparar|multimetro|soldar|pieza de repuesto|repuestos|derecho a reparar|obsolescencia programada|basura electronica|reutilizar|alargar la vida util|fallas comunes|no enciende|falso contacto|consejos de reparacion|arreglar electronicos|electrodomestico danado|reparacion sencilla|herramientas de reparacion|destornillador,The Restart Project wiki: repairing electronics and appliances.,Wiki de The Restart Project: reparación de electrónica y electrodomésticos (en inglés).
scoutwiki.org_es_all_maxi_2026-07,outdoors|first-aid|education,es,yes,scouting|camping|knots|first aid|navigation|fieldcraft|scouts|boy scouts|girl guides|campsite|tent|pitching a tent|campfire|fire lighting|lashing|pioneering|map and compass|orienteering|hiking|backpacking|outdoor cooking|wild camping|shelter building|nature study|leave no trace|survival skills|signaling|morse code|semaphore|weather signs|water purification outdoors|knife safety|axe safety|games for groups|youth leadership|badge|patrol|teaching outdoor skills|night sky navigation|rope work|emergency preparedness|safety outdoors|scout games|camp cooking|scout troop|outdoor education|fire safety|scout promise|wilderness first aid|nature games,scout|escultismo|campamento|nudos|primeros auxilios|orientacion|tecnicas de campismo|scouts|guias scout|acampar|carpa|armar una carpa|fogata|encender fuego|amarres|construcciones scout|mapa y brujula|excursionismo|senderismo|cocina al aire libre|construir refugio|rastreo|naturaleza|no dejar rastro|tecnicas de supervivencia|senales|codigo morse|senales del tiempo|purificar agua en el campo|uso del cuchillo|uso del hacha|juegos grupales|liderazgo juvenil|insignia|patrulla|ensenar tecnicas de campismo|orientarse por las estrellas|cuerdas|preparacion para emergencias|seguridad al aire libre|juegos scout|cocina de campamento|tropa scout|educacion al aire libre|seguridad con fuego|promesa scout|primeros auxilios en el campo|juegos en la naturaleza|manada|velada,"ScoutWiki in Spanish: fieldcraft, camping, first aid, knots.","ScoutWiki en español: técnicas de campo, campamento, primeros auxilios, nudos."
scoutwiki_en_all_maxi_2026-07a,outdoors|first-aid|education,en,yes,scouting|camping|knots|first aid|navigation|fieldcraft|pioneering|scouts|boy scouts|girl guides|campsite|tent|pitching a tent|campfire|fire lighting|lashing|map and compass|orienteering|hiking|backpacking|outdoor cooking|wild camping|shelter building|nature study|leave no trace|survival skills|signaling|morse code|semaphore|weather signs|water purification outdoors|knife safety|axe safety|games for groups|youth leadership|badge|patrol|teaching outdoor skills|night sky navigation|rope work|emergency preparedness|safety outdoors|scout games|camp cooking|scout troop|outdoor education|fire safety|scout promise|wilderness first aid|nature games,scout|campamento|nudos|primeros auxilios|orientacion|escultismo|scouts|guias scout|acampar|carpa|armar una carpa|fogata|encender fuego|amarres|construcciones scout|mapa y brujula|excursionismo|senderismo|cocina al aire libre|construir refugio|rastreo|naturaleza|no dejar rastro|tecnicas de supervivencia|senales|codigo morse|senales del tiempo|purificar agua en el campo|uso del cuchillo|uso del hacha|juegos grupales|liderazgo juvenil|insignia|patrulla|ensenar tecnicas de campismo|orientarse por las estrellas|cuerdas|preparacion para emergencias|seguridad al aire libre|nudo as de guia|acampada|cocina scout|juegos scout|vida al aire libre|seguridad con fuego|mochila|carpa de campana|insignias scout|promesa scout|tropa|manada,"ScoutWiki: fieldcraft, camping, first aid and navigation, written for teaching.","ScoutWiki: técnicas de campo, campamento, primeros auxilios y orientación (en inglés)."
skin-of-color-society_en_all_2026-05,medicine,en,yes,skin|rash|dermatology|eczema|acne|skin infection|pigmentation|dark skin|dermatologist|skin rash|atopic dermatitis|psoriasis|acne scars|hyperpigmentation|dark spots|melasma|vitiligo|keloid|scar|fungal infection|ringworm|tinea|scabies|impetigo|hives|itching|dry skin|hair loss|alopecia|scalp|dandruff|razor bumps|ingrown hair|nail problems|skin cancer|melanoma|mole|sunscreen|sun protection|skin of color|black skin|brown skin|pigmentation disorder|lupus skin|sarcoidosis|skin care|moisturizer|chemical peel|laser|bleaching cream|wart,piel|sarpullido|erupcion|dermatologia|eccema|acne|infeccion de la piel|pigmentacion|piel oscura|dermatologo|dermatitis atopica|psoriasis|cicatrices de acne|hiperpigmentacion|manchas oscuras|melasma|vitiligo|queloide|cicatriz|hongos en la piel|tina|sarna|impetigo|urticaria|picazon|piel seca|caida del cabello|alopecia|cuero cabelludo|caspa|pelos encarnados|unas|cancer de piel|melanoma|lunar|protector solar|piel negra|piel morena|trastorno de pigmentacion|lupus|cuidado de la piel|crema hidratante|verruga|manchas en la piel|piel grasa|granos|hongos en las unas|cuidado del cabello rizado|picazon en la piel|pigmentacion irregular,Skin of Color Society: dermatology for darker skin tones.,Skin of Color Society: dermatología para pieles oscuras (en inglés).
sustainability.stackexchange.com_en_all_2026-08,energy|food|water,en,yes,sustainability|recycling|carbon footprint|renewable|composting|waste reduction|sustainable living|environment|reuse|reduce waste|zero waste|plastic|greenhouse gas|climate change|renewable energy|solar|wind|energy saving|home insulation|water conservation|rainwater|greywater reuse|sustainable food|local food|meat consumption|electric car|public transport|biodegradable|packaging|deforestation|biodiversity|eco friendly|life cycle assessment|pollution|landfill|e waste|green building|passive house|heat pump|sustainable agriculture|organic farming|fast fashion|repair and reuse|home garden|reusable bags|upcycling|energy audit|solar water heater|low impact living|minimalism,sostenibilidad|reciclaje|huella de carbono|renovable|compostaje|reducir residuos|vida sostenible|medio ambiente|reutilizar|basura cero|plastico|gases de efecto invernadero|cambio climatico|energia renovable|solar|eolica|ahorro de energia|aislamiento de la casa|ahorro de agua|agua de lluvia|reutilizar aguas grises|alimentacion sostenible|comida local|consumo de carne|carro electrico|transporte publico|biodegradable|empaques|deforestacion|biodiversidad|ecologico|contaminacion|relleno sanitario|basura electronica|construccion verde|bomba de calor|agricultura sostenible|agricultura organica|moda rapida|paneles solares|calentador solar|biodigestor|compost casero|huerto urbano|bolsas reutilizables|consumo responsable|energia limpia|eficiencia energetica|madera certificada|reparar en vez de comprar,"Sustainability questions and answers: recycling, renewables, waste.","Preguntas y respuestas de sostenibilidad: reciclaje, renovables, residuos."
theworldfactbook_en_all_2026-02,geography|reference,en,yes,country|population|capital|government|economy|map|languages spoken|climate of|countries|country profile|capital city|head of state|constitution|political system|gdp|exports|imports|currency|official language|religion|ethnic groups|area|land area|borders|neighboring countries|coastline|terrain|natural resources|natural hazards|life expectancy|literacy rate|birth rate|military|flag of|national holiday|independence day|time zone|electricity production|internet users|railways|roads|airports|ports|map of|world statistics|geography facts|population of|largest city|area of|official name,pais|poblacion|capital|gobierno|economia|mapa|idiomas|clima de|paises|perfil de pais|jefe de estado|constitucion|sistema politico|pib|exportaciones|importaciones|moneda|idiomas que se hablan|idioma oficial|religion|grupos etnicos|superficie|fronteras|paises vecinos|costa|relieve|recursos naturales|riesgos naturales|esperanza de vida|alfabetizacion|tasa de natalidad|fuerzas armadas|bandera de|fiesta nacional|dia de la independencia|zona horaria|mapa de|estadisticas mundiales|datos geograficos|frontera|capital de|cuantos habitantes|idioma de|religion de|economia de|presidente de|forma de gobierno|recursos de|telecomunicaciones|ferrocarriles|carreteras|aeropuertos|puertos|deuda externa,"The World Factbook: country profiles, population, government, geography.","The World Factbook: perfiles de países, población, gobierno, geografía (en inglés)."
trueprepper.com_en_all_2026-05,outdoors|first-aid|food|water,en,yes,prepping|emergency kit|bug out bag|stockpile|food storage|water storage|power outage|disaster preparedness|72 hour kit|prepper|preparedness|emergency preparedness|go bag|get home bag|emergency supplies|long term food storage|canned food|rice and beans|how much water to store|water barrel|blackout|generator|backup power|solar generator|emergency radio|flashlight|candles|heating without power|cooking without power|camp stove|first aid kit|medications stockpile|hurricane prep|earthquake kit|flood preparation|wildfire evacuation|evacuation plan|shelter in place|home security|self reliance|homestead|bartering|emergency cash|important documents|pet emergency plan|sanitation in emergency|faraday cage|emp|pandemic preparedness|emergency plan,preparacion para emergencias|kit de emergencia|mochila de emergencia|reservas|almacenar alimentos|almacenar agua|apagon|preparacion ante desastres|preparacion|preparacionista|maleta de emergencia|kit de 72 horas|suministros de emergencia|alimentos a largo plazo|enlatados|arroz y frijoles|cuanta agua almacenar|tanque de agua|corte de luz|generador|energia de respaldo|generador solar|radio de emergencia|linterna|velas|calefaccion sin electricidad|cocinar sin electricidad|estufa de camping|botiquin|reserva de medicamentos|preparacion para huracanes|kit para terremotos|preparacion para inundaciones|evacuacion por incendio|plan de evacuacion|refugiarse en casa|seguridad del hogar|autosuficiencia|trueque|efectivo de emergencia|documentos importantes|plan de emergencia para mascotas|saneamiento en emergencias|plan de emergencia|preparacion para pandemias|jaula de faraday|kit para el carro|mochila para el carro|filtro de agua portatil|comida liofilizada,TruePrepper: emergency preparedness guides (a blog; check claims against reference sources).,"TruePrepper: guías de preparación para emergencias (un blog; contraste con fuentes de referencia, en inglés)."
usda-2015_en_2025-04,food,en,yes,agriculture|farming|crop|livestock|soil conservation|food safety|nutrition|usda|farm|crop production|planting dates|soil survey|erosion control|cover crops|cattle|poultry|dairy|dietary guidelines|food groups|meal planning|home canning|food preservation|plant hardiness|pest management|extension service|grazing|pasture|irrigation|farm management|organic certification|grain|vegetables|fruit|forestry|wildlife|rural development|beef cattle|hogs|sheep and goats|backyard chickens|egg production|fruit trees|vegetable gardening|food labels|calories|serving size|hay|silage|fencing|farm equipment|tractor|water quality farm,agricultura|cultivo|ganado|conservacion de suelos|inocuidad alimentaria|nutricion|granja|finca|produccion de cultivos|fechas de siembra|control de erosion|cultivos de cobertura|aves de corral|lecheria|guias alimentarias|grupos de alimentos|planificacion de comidas|enlatado casero|conservacion de alimentos|manejo de plagas|extension agricola|pastoreo|potrero|riego|administracion de fincas|certificacion organica|granos|verduras|frutas|forestal|fauna|desarrollo rural|ganado de carne|cerdos|ovejas y cabras|gallinas de patio|produccion de huevos|arboles frutales|huerta casera|etiquetas de alimentos|calorias|porcion|heno|ensilaje|cercas|maquinaria agricola|tractor|calidad del agua en la finca|leche|cosecha|semillas|abono organico,USDA agricultural reference.,Referencia agrícola del USDA (en inglés).
wikem_en_all_maxi_2026-07,medicine|first-aid,en,yes,emergency|trauma|bleeding|shock|poisoning|overdose|chest pain|stroke|seizure|fracture|burn|resuscitation|anaphylaxis|first aid|stop bleeding|tourniquet|wound care|broken bone|splint|sprain|cpr|choking|unconscious|head injury|drowning|electric shock|snake bite|dog bite|insect sting|heat stroke|hypothermia|frostbite|allergic reaction|difficulty breathing|bandage|stitches|eye injury|nosebleed|emergency medicine|emergency department|airway|intubation|cardiac arrest|heart attack|myocardial infarction|arrhythmia|sepsis|septic shock|toxicology|status epilepticus|stroke symptoms|altered mental status|abdominal pain|appendicitis|asthma attack|dka|triage|laceration repair|dislocation|spinal injury|burns management|antidote,emergencia|trauma|hemorragia|sangrado|choque|envenenamiento|intoxicacion|sobredosis|dolor de pecho|derrame cerebral|convulsion|fractura|quemadura|reanimacion|anafilaxia|primeros auxilios|detener sangrado|torniquete|curar herida|hueso roto|ferula|esguince|rcp|atragantamiento|inconsciente|golpe en la cabeza|ahogamiento|descarga electrica|mordedura de serpiente|mordedura de perro|picadura|golpe de calor|hipotermia|congelacion|reaccion alergica|dificultad para respirar|vendaje|puntos|lesion en el ojo|sangrado de nariz|medicina de urgencias|urgencias|politraumatismo|via aerea|intubacion|paro cardiaco|infarto|arritmia|sepsis|choque septico|toxicologia|estado epileptico|sintomas de derrame|alteracion de la conciencia|dolor abdominal|apendicitis|crisis de asma|triaje|sutura|luxacion|lesion de columna|manejo de quemaduras|antidoto,"WikEM: emergency medicine, written for the acute case.","WikEM: medicina de urgencias, escrita para el caso agudo (en inglés)."
wikipedia_en_medicine_maxi_2026-04,medicine,en,yes,illness|disease|symptom|medication|anatomy|diagnosis|treatment|infection|vaccine|symptoms|fever|cough|headache|pain|wound|medicine|drug|dose|dosage|side effect|antibiotic|allergy|asthma|diabetes|blood pressure|hypertension|heart disease|stroke|cancer|tuberculosis|malaria|dengue|cholera|typhoid|hepatitis|hiv|pneumonia|diarrhea|vomiting|dehydration|anemia|malnutrition|pregnancy|child health|skin rash|kidney|liver|stomach ache|ulcer|arthritis|epilepsy|thyroid|physiology|surgery|blood test|parasite|worms|medical history|pharmacology|virus|bacteria|immune system|genetic disorder|mental disorder|nutrition|vitamin,enfermedad|sintoma|medicamento|anatomia|diagnostico|tratamiento|infeccion|vacuna|sintomas|fiebre|tos|dolor de cabeza|dolor|herida|medicina|farmaco|dosis|efecto secundario|antibiotico|alergia|asma|diabetes|presion arterial|hipertension|enfermedad del corazon|derrame cerebral|cancer|tuberculosis|malaria|paludismo|dengue|colera|tifoidea|hepatitis|vih|neumonia|diarrea|vomito|deshidratacion|anemia|desnutricion|embarazo|salud infantil|sarpullido|rinon|higado|dolor de estomago|ulcera|artritis|epilepsia|tiroides|fisiologia|cirugia|examen de sangre|parasito|lombrices,Wikipedia's medicine articles in English.,Los artículos de medicina de Wikipedia en inglés.
wikispecies_en_all_maxi_2026-07,science,en,yes,species|taxonomy|genus|family|scientific name|classification|taxon|order|class|phylum|kingdom|latin name|binomial name|biology classification|identify species|plant species|animal species|insect species|bird species|fish species|fungus species|bacteria species|subspecies|synonym name|type specimen|author citation|phylogeny|evolutionary tree|biodiversity|endemic|common name to scientific name|mammal|bird|reptile|amphibian|insect|spider|tree species|flower species|orchid|fern|moss|algae|coral|marine species|extinct species|endangered species|dinosaur|zoological name|kingdom animalia|kingdom plantae,especie|taxonomia|genero|familia|nombre cientifico|clasificacion|taxon|orden|clase|filo|reino|nombre en latin|nomenclatura binomial|clasificacion biologica|identificar especie|especie de planta|especie animal|especie de insecto|especie de ave|especie de pez|especie de hongo|subespecie|filogenia|arbol evolutivo|biodiversidad|endemico|nombre comun|mamifero|ave|reptil|anfibio|insecto|arana|especie de arbol|especie de flor|orquidea|helecho|musgo|alga|coral|especie marina|especie extinta|especie en peligro|dinosaurio|fauna|flora|planta silvestre|vertebrado|invertebrado|seres vivos,Wikispecies: the taxonomy of living things.,Wikispecies: la taxonomía de los seres vivos (en inglés).
wikivet.net_en_all_maxi_2026-07a,veterinary,en,yes,veterinary|livestock|cattle|goat|sheep|pig|chicken|dog|cat|horse|vaccination|parasite|vet|animal health|cow|calf|lamb|poultry|donkey|rabbit|animal disease|parasites|worms in animals|deworming|ticks|fleas|mastitis|foot and mouth disease|rabies|newcastle disease|vaccination schedule|animal nutrition|feed|calving|lambing|birth problems animals|lameness|hoof care|diarrhea in calves|bloat|castration|animal anatomy|animal physiology|zoonosis|wound care animals|antibiotics for animals|dose for animals|milk production|egg laying|animal welfare,veterinaria|ganado|vaca|cabra|oveja|cerdo|gallina|perro|gato|caballo|vacunacion|parasito|veterinario|salud animal|ternero|cordero|aves de corral|burro|conejo|enfermedad animal|parasitos|lombrices en animales|desparasitar|garrapatas|pulgas|mastitis|fiebre aftosa|rabia|newcastle|calendario de vacunacion|nutricion animal|alimento|parto de vaca|parto de oveja|problemas de parto en animales|cojera|cuidado de pezunas|diarrea en terneros|timpanismo|castracion|anatomia animal|zoonosis|heridas en animales|antibioticos para animales|dosis para animales|produccion de leche|postura de huevos|bienestar animal|salud de las gallinas|enfermedades de cerdos,WikiVet: veterinary reference for livestock and companion animals.,WikiVet: referencia veterinaria para ganado y animales de compañía (en inglés).
woodworking.stackexchange.com_en_all_2026-08,repair|engineering,en,yes,woodworking|wood|lumber|saw|joint|glue|chisel|plane|sanding|finish|furniture|timber|hardwood|softwood|plywood|hand saw|table saw|circular saw|hand plane|router|drill|clamp|joinery|dovetail|mortise and tenon|dowel|wood glue|screws|nails|sandpaper|wood finish|varnish|oil finish|stain|paint wood|table|chair|shelf|cabinet|workbench|wood movement|wood drying|warping|rot|termites|sharpening|whetstone|carving|turning|lathe|measuring|marking|square,carpinteria|madera|sierra|ensamble|pegamento|formon|cepillo|lijar|acabado|mueble|tablas|madera dura|madera blanda|contrachapado|triplex|serrucho|sierra de mesa|sierra circular|fresadora|taladro|prensa|sargento|cola de milano|caja y espiga|tarugo|pegamento para madera|tornillos|clavos|lija|barniz|aceite para madera|tinte|pintar madera|mesa|silla|repisa|gabinete|banco de trabajo|secado de madera|alabeo|podredumbre|comejen|termitas|afilar|piedra de afilar|tallado|torno|medir|escuadra|carpintero,"Woodworking questions and answers: tools, joints, finishes.","Preguntas y respuestas de carpintería: herramientas, ensambles, acabados."
zimgit-food-preparation_en_2025-04,food,en,yes,food preparation|food preservation|drying food|smoking meat|pickling|salting|canning|storage|preserve food|dehydrate|sun drying|smoked fish|curing meat|jerky|vinegar|fermenting vegetables|sauerkraut|water bath canning|pressure canning|jam|root cellar|storing potatoes|grain storage|flour|bread making|cooking basics|food safety|botulism|spoilage|cooking without refrigeration|meal planning|nutrition basics|butchering|cheese making|yogurt|sprouting|salt cod|dried fish|dried fruit|dried beans|lard|rendering fat|confit|sugar preserving|honey storage|oil preservation|clay pot cooler|evaporative cooling|fireless cooker|haybox|solar food dryer,preparacion de alimentos|conservacion de alimentos|secar alimentos|ahumar carne|encurtir|salar|enlatar|conservar alimentos|deshidratar|secado al sol|pescado ahumado|curar carne|carne seca|vinagre|fermentar verduras|chucrut|conservas|mermelada|bodega|almacenar papas|almacenar granos|harina|hacer pan|cocina basica|inocuidad alimentaria|botulismo|descomposicion|cocinar sin refrigeracion|nutricion basica|carnear|hacer queso|yogur|germinados|bacalao salado|pescado seco|frutas secas|frijoles secos|manteca|grasa|conserva en azucar|almacenar miel|conserva en aceite|enfriador de barro|enfriamiento por evaporacion|cocina sin fuego|caja de heno|secador solar de alimentos|tasajo|cecina|charqui,"Food preparation and preservation, a small curated collection.","Preparación y conservación de alimentos, una pequeña colección seleccionada (en inglés)."
zimgit-knots_en_2024-08,outdoors,en,yes,knot|knots|rope|hitch|lashing|bowline|tie a knot|cord|clove hitch|square knot|reef knot|figure eight|sheet bend|taut line hitch|trucker's hitch|timber hitch|half hitch|slip knot|prusik|square lashing|tripod lashing|splice|whipping|fishing knot|climbing knot|tying down a load|bend|loop knot|binding knot|water knot|alpine butterfly|munter hitch|constrictor knot|rolling hitch|double fisherman|stopper knot|overhand knot|figure eight loop|bowline on a bight|marlinspike|cordage|paracord|knot strength|untie a knot|knots for camping|knots for boats|sailing knots|rope care|hammock knot|tarp knot,nudo|nudos|cuerda|soga|amarre|hacer un nudo|cordel|as de guia|ballestrinque|nudo llano|nudo de rizo|ocho|nudo de escota|nudo corredizo|prusik|amarre cuadrado|amarre de tripode|empalme|nudo de pesca|nudo de escalada|amarrar una carga|gaza|nudo de agua|mariposa alpina|nudo dinamico|nudo constrictor|nudo de pescador doble|nudo de tope|nudo simple|ocho doble|as de guia doble|paracord|resistencia del nudo|desatar un nudo|nudos para acampar|nudos marineros|nudos de navegacion|cuidado de la cuerda|nudo para hamaca|nudo para lona|cabuyeria|ligadura|cordino|nudo de mula|nudo de vuelta|nudo ballestrinque|nudos basicos|como amarrar|nudo de rescate|nudo de camionero,Knots: how to tie them and what each is for.,Nudos: cómo hacerlos y para qué sirve cada uno (en inglés).
gis.stackexchange.com_en_all_2026-08,geography|computing,en,yes,gis|qgis|shapefile|coordinate system|projection|gps|raster|geojson|geographic information system|arcgis|map|mapping|kml|vector data|crs|utm|latitude longitude|wgs84|georeferencing|gps data|elevation|dem|contour lines|satellite imagery|remote sensing|ndvi|spatial analysis|buffer|overlay|geocoding|postgis|gdal|openstreetmap data|tile server|web map|leaflet|offline map|map scale|distance calculation|area calculation|digitizing|surveying|land survey|cadastre|parcel boundaries|drone mapping|lidar data|map projection|geographic coordinates|map layers,sig|qgis|sistema de coordenadas|proyeccion|gps|raster|sistema de informacion geografica|arcgis|mapa|cartografia|shapefile|datos vectoriales|utm|latitud longitud|georreferenciacion|datos gps|elevacion|modelo digital de elevacion|curvas de nivel|imagenes satelitales|teledeteccion|analisis espacial|geocodificacion|mapa web|mapa sin conexion|escala del mapa|calcular distancia|calcular area|digitalizar|topografia|geojson|kml|wgs84|crs|dem|ndvi|buffer|superposicion|postgis|gdal|leaflet|servidor de mapas|catastro|levantamiento topografico|coordenadas|gps de mano|mapeo con dron|datos lidar|capas del mapa|limites de predios,"GIS questions and answers: maps, coordinates, QGIS.","Preguntas y respuestas de SIG: mapas, coordenadas, QGIS."
koppen-geiger,geography,mul,no,,,"Köppen-Geiger climate classification maps: data the map uses, not text to search.","Mapas de clasificación climática de Köppen-Geiger: datos que usa el mapa, no texto para buscar."
openstreetmap-wiki_en_all_maxi_2026-07,geography|computing,en,yes,openstreetmap|osm|map editing|tags|routing|offline maps|mapping|map data|tagging|josm|id editor|overpass|nominatim|osrm|organic maps|osmand|map tiles|humanitarian mapping|hot tasking manager|missing maps|mapping a village|roads|buildings|points of interest|survey|gps trace|field papers|import data|license odbl|contribute to map|osm data download|planet file|extracts|geofabrik|map style|renderer|vector tiles|address data|rivers and streams|land use|hiking trails|bicycle routes|accessibility mapping|disaster mapping|validation|changeset|quality assurance|mapathon|local knowledge|field survey,openstreetmap|osm|editar mapas|etiquetas|rutas|mapas sin conexion|mapeo|datos del mapa|enrutamiento|osmand|teselas|mapeo humanitario|mapear una vereda|calles|edificaciones|puntos de interes|levantamiento|traza gps|contribuir al mapa|descargar datos osm|extractos|geofabrik|estilo de mapa|teselas vectoriales|direcciones|rios y quebradas|uso del suelo|senderos|rutas en bicicleta|mapeo de accesibilidad|mapeo de desastres|validacion|conjunto de cambios|control de calidad|mapaton|conocimiento local|trabajo de campo|mapa de mi comunidad|veredas|caminos rurales|puentes|escuelas|centros de salud|puntos de agua|mapa offline|navegacion sin internet|osm en el celular|editor de mapas|organizar un mapaton|imagenes satelitales para mapear|trazar edificios,OpenStreetMap wiki: how the map data is made and used.,Wiki de OpenStreetMap: cómo se crean y usan los datos del mapa (en inglés).
